"pandemicday","class","severity","Ntype","Cum N","N"
159,"azithromycin","all","RCT",0,NA
169,"azithromycin","all","RCT",0,NA
179,"azithromycin","all","RCT",0,NA
187,"azithromycin","all","RCT",0,NA
215,"azithromycin","all","RCT",0,NA
220,"azithromycin","all","RCT",0,NA
227,"azithromycin","all","RCT",0,NA
236,"azithromycin","all","RCT",0,NA
242,"azithromycin","all","RCT",0,NA
263,"azithromycin","all","RCT",0,NA
269,"azithromycin","all","RCT",0,NA
278,"azithromycin","all","RCT",111,111
283,"azithromycin","all","RCT",111,NA
290,"azithromycin","all","RCT",555,444
297,"azithromycin","all","RCT",555,NA
318,"azithromycin","all","RCT",555,NA
325,"azithromycin","all","RCT",555,NA
332,"azithromycin","all","RCT",555,NA
339,"azithromycin","all","RCT",555,NA
346,"azithromycin","all","RCT",555,NA
353,"azithromycin","all","RCT",555,NA
360,"azithromycin","all","RCT",555,NA
367,"azithromycin","all","RCT",555,NA
374,"azithromycin","all","RCT",555,NA
381,"azithromycin","all","RCT",8319,7764
408,"azithromycin","all","RCT",8319,NA
422,"azithromycin","all","RCT",8319,NA
425,"azithromycin","all","RCT",8319,NA
429,"azithromycin","all","RCT",8319,NA
437,"azithromycin","all","RCT",8319,NA
444,"azithromycin","all","RCT",8319,NA
450,"azithromycin","all","RCT",8319,NA
457,"azithromycin","all","RCT",8319,NA
471,"azithromycin","all","RCT",8319,NA
478,"azithromycin","all","RCT",8319,NA
492,"azithromycin","all","RCT",8319,NA
499,"azithromycin","all","RCT",8319,NA
513,"azithromycin","all","RCT",8319,NA
520,"azithromycin","all","RCT",8611,292
527,"azithromycin","all","RCT",8611,NA
536,"azithromycin","all","RCT",8615,4
562,"azithromycin","all","RCT",8615,NA
563,"azithromycin","all","RCT",8615,NA
577,"azithromycin","all","RCT",8615,NA
583,"azithromycin","all","RCT",8615,NA
598,"azithromycin","all","RCT",8615,NA
618,"azithromycin","all","RCT",8615,NA
625,"azithromycin","all","RCT",8821,206
639,"azithromycin","all","RCT",8821,NA
682,"azithromycin","all","RCT",8821,NA
688,"azithromycin","all","RCT",8821,NA
730,"azithromycin","all","RCT",8821,NA
737,"azithromycin","all","RCT",8821,NA
758,"azithromycin","all","RCT",8821,NA
789,"azithromycin","all","RCT",8821,NA
793,"azithromycin","all","RCT",8821,NA
808,"azithromycin","all","RCT",8821,NA
159,"azithromycin","all","RWS",0,NA
169,"azithromycin","all","RWS",432,432
177,"azithromycin","all","RWS",432,NA
179,"azithromycin","all","RWS",432,NA
186,"azithromycin","all","RWS",432,NA
188,"azithromycin","all","RWS",432,NA
194,"azithromycin","all","RWS",432,NA
205,"azithromycin","all","RWS",432,NA
215,"azithromycin","all","RWS",731,299
220,"azithromycin","all","RWS",1287,556
227,"azithromycin","all","RWS",1287,NA
228,"azithromycin","all","RWS",1287,NA
236,"azithromycin","all","RWS",2313,1026
242,"azithromycin","all","RWS",2313,NA
249,"azithromycin","all","RWS",2313,NA
256,"azithromycin","all","RWS",2313,NA
263,"azithromycin","all","RWS",2313,NA
269,"azithromycin","all","RWS",2313,NA
278,"azithromycin","all","RWS",2313,NA
290,"azithromycin","all","RWS",2313,NA
297,"azithromycin","all","RWS",2313,NA
304,"azithromycin","all","RWS",2313,NA
311,"azithromycin","all","RWS",2313,NA
318,"azithromycin","all","RWS",6543,4230
325,"azithromycin","all","RWS",6543,NA
332,"azithromycin","all","RWS",6543,NA
339,"azithromycin","all","RWS",6543,NA
346,"azithromycin","all","RWS",6543,NA
353,"azithromycin","all","RWS",6543,NA
360,"azithromycin","all","RWS",6543,NA
367,"azithromycin","all","RWS",6543,NA
374,"azithromycin","all","RWS",6543,NA
381,"azithromycin","all","RWS",6543,NA
388,"azithromycin","all","RWS",6543,NA
401,"azithromycin","all","RWS",6543,NA
422,"azithromycin","all","RWS",6543,NA
429,"azithromycin","all","RWS",6543,NA
457,"azithromycin","all","RWS",6543,NA
499,"azithromycin","all","RWS",6543,NA
527,"azithromycin","all","RWS",6543,NA
536,"azithromycin","all","RWS",6543,NA
569,"azithromycin","all","RWS",6543,NA
577,"azithromycin","all","RWS",6543,NA
604,"azithromycin","all","RWS",6543,NA
611,"azithromycin","all","RWS",6543,NA
625,"azithromycin","all","RWS",6543,NA
639,"azithromycin","all","RWS",6543,NA
646,"azithromycin","all","RWS",6543,NA
653,"azithromycin","all","RWS",6543,NA
660,"azithromycin","all","RWS",6543,NA
667,"azithromycin","all","RWS",6543,NA
674,"azithromycin","all","RWS",6543,NA
682,"azithromycin","all","RWS",6543,NA
688,"azithromycin","all","RWS",6543,NA
702,"azithromycin","all","RWS",6543,NA
709,"azithromycin","all","RWS",6543,NA
751,"azithromycin","all","RWS",6543,NA
793,"azithromycin","all","RWS",6543,NA
159,"convalescentplasma","all","RCT",0,NA
169,"convalescentplasma","all","RCT",0,NA
179,"convalescentplasma","all","RCT",0,NA
187,"convalescentplasma","all","RCT",101,101
215,"convalescentplasma","all","RCT",101,NA
220,"convalescentplasma","all","RCT",187,86
227,"convalescentplasma","all","RCT",187,NA
236,"convalescentplasma","all","RCT",187,NA
242,"convalescentplasma","all","RCT",187,NA
263,"convalescentplasma","all","RCT",187,NA
269,"convalescentplasma","all","RCT",187,NA
278,"convalescentplasma","all","RCT",268,81
283,"convalescentplasma","all","RCT",268,NA
290,"convalescentplasma","all","RCT",732,464
297,"convalescentplasma","all","RCT",732,NA
318,"convalescentplasma","all","RCT",732,NA
325,"convalescentplasma","all","RCT",732,NA
332,"convalescentplasma","all","RCT",732,NA
339,"convalescentplasma","all","RCT",761,29
346,"convalescentplasma","all","RCT",801,40
353,"convalescentplasma","all","RCT",801,NA
360,"convalescentplasma","all","RCT",961,160
367,"convalescentplasma","all","RCT",1374,413
374,"convalescentplasma","all","RCT",1374,NA
381,"convalescentplasma","all","RCT",1374,NA
408,"convalescentplasma","all","RCT",1374,NA
422,"convalescentplasma","all","RCT",1374,NA
425,"convalescentplasma","all","RCT",1374,NA
429,"convalescentplasma","all","RCT",1374,NA
437,"convalescentplasma","all","RCT",1374,NA
444,"convalescentplasma","all","RCT",1374,NA
450,"convalescentplasma","all","RCT",1374,NA
457,"convalescentplasma","all","RCT",1374,NA
471,"convalescentplasma","all","RCT",12932,11558
478,"convalescentplasma","all","RCT",13152,220
492,"convalescentplasma","all","RCT",13152,NA
499,"convalescentplasma","all","RCT",13212,60
513,"convalescentplasma","all","RCT",13286,74
520,"convalescentplasma","all","RCT",13286,NA
527,"convalescentplasma","all","RCT",13286,NA
536,"convalescentplasma","all","RCT",13387,101
562,"convalescentplasma","all","RCT",13387,NA
563,"convalescentplasma","all","RCT",15366,1979
577,"convalescentplasma","all","RCT",15366,NA
583,"convalescentplasma","all","RCT",16287,921
598,"convalescentplasma","all","RCT",16447,160
618,"convalescentplasma","all","RCT",16447,NA
625,"convalescentplasma","all","RCT",16583,136
639,"convalescentplasma","all","RCT",17128,545
682,"convalescentplasma","all","RCT",17128,NA
688,"convalescentplasma","all","RCT",17128,NA
730,"convalescentplasma","all","RCT",17207,79
737,"convalescentplasma","all","RCT",17678,471
758,"convalescentplasma","all","RCT",18859,1181
789,"convalescentplasma","all","RCT",18859,NA
793,"convalescentplasma","all","RCT",18966,107
808,"convalescentplasma","all","RCT",18966,NA
159,"convalescentplasma","all","RWS",21,21
169,"convalescentplasma","all","RWS",21,NA
177,"convalescentplasma","all","RWS",216,195
179,"convalescentplasma","all","RWS",216,NA
186,"convalescentplasma","all","RWS",285,69
188,"convalescentplasma","all","RWS",285,NA
194,"convalescentplasma","all","RWS",285,NA
205,"convalescentplasma","all","RWS",285,NA
215,"convalescentplasma","all","RWS",1902,1617
220,"convalescentplasma","all","RWS",1902,NA
227,"convalescentplasma","all","RWS",1902,NA
228,"convalescentplasma","all","RWS",1902,NA
236,"convalescentplasma","all","RWS",1902,NA
242,"convalescentplasma","all","RWS",2091,189
249,"convalescentplasma","all","RWS",2091,NA
256,"convalescentplasma","all","RWS",2091,NA
263,"convalescentplasma","all","RWS",2478,387
269,"convalescentplasma","all","RWS",2719,241
278,"convalescentplasma","all","RWS",2719,NA
290,"convalescentplasma","all","RWS",2719,NA
297,"convalescentplasma","all","RWS",2719,NA
304,"convalescentplasma","all","RWS",2799,80
311,"convalescentplasma","all","RWS",4575,1776
318,"convalescentplasma","all","RWS",8104,3529
325,"convalescentplasma","all","RWS",8104,NA
332,"convalescentplasma","all","RWS",8104,NA
339,"convalescentplasma","all","RWS",8104,NA
346,"convalescentplasma","all","RWS",8104,NA
353,"convalescentplasma","all","RWS",8104,NA
360,"convalescentplasma","all","RWS",8104,NA
367,"convalescentplasma","all","RWS",8104,NA
374,"convalescentplasma","all","RWS",8250,146
381,"convalescentplasma","all","RWS",8618,368
388,"convalescentplasma","all","RWS",8618,NA
401,"convalescentplasma","all","RWS",8618,NA
422,"convalescentplasma","all","RWS",9144,526
429,"convalescentplasma","all","RWS",9144,NA
457,"convalescentplasma","all","RWS",10042,898
499,"convalescentplasma","all","RWS",10042,NA
527,"convalescentplasma","all","RWS",10042,NA
536,"convalescentplasma","all","RWS",10042,NA
569,"convalescentplasma","all","RWS",10670,628
577,"convalescentplasma","all","RWS",10670,NA
604,"convalescentplasma","all","RWS",10670,NA
611,"convalescentplasma","all","RWS",10670,NA
625,"convalescentplasma","all","RWS",10670,NA
639,"convalescentplasma","all","RWS",10893,223
646,"convalescentplasma","all","RWS",10893,NA
653,"convalescentplasma","all","RWS",10893,NA
660,"convalescentplasma","all","RWS",10893,NA
667,"convalescentplasma","all","RWS",10893,NA
674,"convalescentplasma","all","RWS",10893,NA
682,"convalescentplasma","all","RWS",10893,NA
688,"convalescentplasma","all","RWS",10893,NA
702,"convalescentplasma","all","RWS",11016,123
709,"convalescentplasma","all","RWS",11016,NA
751,"convalescentplasma","all","RWS",11016,NA
793,"convalescentplasma","all","RWS",11016,NA
159,"cort","mildmod","RCT",0,NA
169,"cort","mildmod","RCT",0,NA
179,"cort","mildmod","RCT",0,NA
187,"cort","mildmod","RCT",0,NA
215,"cort","mildmod","RCT",1535,1535
220,"cort","mildmod","RCT",1535,NA
227,"cort","mildmod","RCT",1535,NA
236,"cort","mildmod","RCT",1535,NA
242,"cort","mildmod","RCT",1535,NA
263,"cort","mildmod","RCT",1607,72
269,"cort","mildmod","RCT",1607,NA
278,"cort","mildmod","RCT",1607,NA
283,"cort","mildmod","RCT",1607,NA
290,"cort","mildmod","RCT",1607,NA
297,"cort","mildmod","RCT",1607,NA
318,"cort","mildmod","RCT",1607,NA
325,"cort","mildmod","RCT",1607,NA
332,"cort","mildmod","RCT",1607,NA
339,"cort","mildmod","RCT",1607,NA
346,"cort","mildmod","RCT",1607,NA
353,"cort","mildmod","RCT",1607,NA
360,"cort","mildmod","RCT",1607,NA
367,"cort","mildmod","RCT",1607,NA
374,"cort","mildmod","RCT",1607,NA
381,"cort","mildmod","RCT",1607,NA
408,"cort","mildmod","RCT",1607,NA
422,"cort","mildmod","RCT",1607,NA
425,"cort","mildmod","RCT",1607,NA
429,"cort","mildmod","RCT",1652,45
437,"cort","mildmod","RCT",1652,NA
444,"cort","mildmod","RCT",1652,NA
450,"cort","mildmod","RCT",1652,NA
457,"cort","mildmod","RCT",1652,NA
471,"cort","mildmod","RCT",1652,NA
478,"cort","mildmod","RCT",1652,NA
492,"cort","mildmod","RCT",1652,NA
499,"cort","mildmod","RCT",1652,NA
513,"cort","mildmod","RCT",1652,NA
520,"cort","mildmod","RCT",1652,NA
527,"cort","mildmod","RCT",1652,NA
536,"cort","mildmod","RCT",1652,NA
562,"cort","mildmod","RCT",1652,NA
563,"cort","mildmod","RCT",1652,NA
577,"cort","mildmod","RCT",1652,NA
583,"cort","mildmod","RCT",1652,NA
598,"cort","mildmod","RCT",1652,NA
618,"cort","mildmod","RCT",1652,NA
625,"cort","mildmod","RCT",1652,NA
639,"cort","mildmod","RCT",1652,NA
682,"cort","mildmod","RCT",1652,NA
688,"cort","mildmod","RCT",1652,NA
730,"cort","mildmod","RCT",1652,NA
737,"cort","mildmod","RCT",1652,NA
758,"cort","mildmod","RCT",1652,NA
789,"cort","mildmod","RCT",1652,NA
793,"cort","mildmod","RCT",1652,NA
808,"cort","mildmod","RCT",1652,NA
159,"cort","mildmod","RWS",31,31
169,"cort","mildmod","RWS",31,NA
177,"cort","mildmod","RWS",31,NA
179,"cort","mildmod","RWS",31,NA
186,"cort","mildmod","RWS",31,NA
188,"cort","mildmod","RWS",31,NA
194,"cort","mildmod","RWS",31,NA
205,"cort","mildmod","RWS",31,NA
215,"cort","mildmod","RWS",31,NA
220,"cort","mildmod","RWS",31,NA
227,"cort","mildmod","RWS",31,NA
228,"cort","mildmod","RWS",31,NA
236,"cort","mildmod","RWS",31,NA
242,"cort","mildmod","RWS",31,NA
249,"cort","mildmod","RWS",207,176
256,"cort","mildmod","RWS",207,NA
263,"cort","mildmod","RWS",207,NA
269,"cort","mildmod","RWS",207,NA
278,"cort","mildmod","RWS",207,NA
290,"cort","mildmod","RWS",207,NA
297,"cort","mildmod","RWS",207,NA
304,"cort","mildmod","RWS",207,NA
311,"cort","mildmod","RWS",289,82
318,"cort","mildmod","RWS",289,NA
325,"cort","mildmod","RWS",289,NA
332,"cort","mildmod","RWS",289,NA
339,"cort","mildmod","RWS",1477,1188
346,"cort","mildmod","RWS",1860,383
353,"cort","mildmod","RWS",1860,NA
360,"cort","mildmod","RWS",1860,NA
367,"cort","mildmod","RWS",1860,NA
374,"cort","mildmod","RWS",1860,NA
381,"cort","mildmod","RWS",1860,NA
388,"cort","mildmod","RWS",1860,NA
401,"cort","mildmod","RWS",1860,NA
422,"cort","mildmod","RWS",1860,NA
429,"cort","mildmod","RWS",1860,NA
457,"cort","mildmod","RWS",1860,NA
499,"cort","mildmod","RWS",1860,NA
527,"cort","mildmod","RWS",1860,NA
536,"cort","mildmod","RWS",1860,NA
569,"cort","mildmod","RWS",1860,NA
577,"cort","mildmod","RWS",1860,NA
604,"cort","mildmod","RWS",1860,NA
611,"cort","mildmod","RWS",1860,NA
625,"cort","mildmod","RWS",1860,NA
639,"cort","mildmod","RWS",1860,NA
646,"cort","mildmod","RWS",1860,NA
653,"cort","mildmod","RWS",1860,NA
660,"cort","mildmod","RWS",1860,NA
667,"cort","mildmod","RWS",1860,NA
674,"cort","mildmod","RWS",1860,NA
682,"cort","mildmod","RWS",1860,NA
688,"cort","mildmod","RWS",1860,NA
702,"cort","mildmod","RWS",2263,403
709,"cort","mildmod","RWS",2263,NA
751,"cort","mildmod","RWS",2263,NA
793,"cort","mildmod","RWS",2263,NA
159,"cort","moderate","RCT",0,NA
169,"cort","moderate","RCT",0,NA
179,"cort","moderate","RCT",0,NA
187,"cort","moderate","RCT",0,NA
215,"cort","moderate","RCT",3883,3883
220,"cort","moderate","RCT",3883,NA
227,"cort","moderate","RCT",3883,NA
236,"cort","moderate","RCT",3883,NA
242,"cort","moderate","RCT",3883,NA
263,"cort","moderate","RCT",3883,NA
269,"cort","moderate","RCT",3883,NA
278,"cort","moderate","RCT",3883,NA
283,"cort","moderate","RCT",3883,NA
290,"cort","moderate","RCT",3883,NA
297,"cort","moderate","RCT",3922,39
318,"cort","moderate","RCT",3922,NA
325,"cort","moderate","RCT",3922,NA
332,"cort","moderate","RCT",3922,NA
339,"cort","moderate","RCT",3922,NA
346,"cort","moderate","RCT",3922,NA
353,"cort","moderate","RCT",3922,NA
360,"cort","moderate","RCT",3922,NA
367,"cort","moderate","RCT",3922,NA
374,"cort","moderate","RCT",3922,NA
381,"cort","moderate","RCT",3922,NA
408,"cort","moderate","RCT",3922,NA
422,"cort","moderate","RCT",3922,NA
425,"cort","moderate","RCT",3922,NA
429,"cort","moderate","RCT",3922,NA
437,"cort","moderate","RCT",3986,64
444,"cort","moderate","RCT",3986,NA
450,"cort","moderate","RCT",3986,NA
457,"cort","moderate","RCT",3986,NA
471,"cort","moderate","RCT",3986,NA
478,"cort","moderate","RCT",3986,NA
492,"cort","moderate","RCT",3986,NA
499,"cort","moderate","RCT",3986,NA
513,"cort","moderate","RCT",3986,NA
520,"cort","moderate","RCT",3986,NA
527,"cort","moderate","RCT",3986,NA
536,"cort","moderate","RCT",3986,NA
562,"cort","moderate","RCT",3986,NA
563,"cort","moderate","RCT",3986,NA
577,"cort","moderate","RCT",3986,NA
583,"cort","moderate","RCT",3986,NA
598,"cort","moderate","RCT",3986,NA
618,"cort","moderate","RCT",3986,NA
625,"cort","moderate","RCT",3986,NA
639,"cort","moderate","RCT",3986,NA
682,"cort","moderate","RCT",3986,NA
688,"cort","moderate","RCT",3986,NA
730,"cort","moderate","RCT",3986,NA
737,"cort","moderate","RCT",3986,NA
758,"cort","moderate","RCT",3986,NA
789,"cort","moderate","RCT",3986,NA
793,"cort","moderate","RCT",3986,NA
808,"cort","moderate","RCT",3986,NA
159,"cort","moderate","RWS",46,46
169,"cort","moderate","RWS",46,NA
177,"cort","moderate","RWS",1560,1514
179,"cort","moderate","RWS",1560,NA
186,"cort","moderate","RWS",2023,463
188,"cort","moderate","RWS",2023,NA
194,"cort","moderate","RWS",2023,NA
205,"cort","moderate","RWS",2023,NA
215,"cort","moderate","RWS",2023,NA
220,"cort","moderate","RWS",2214,191
227,"cort","moderate","RWS",2214,NA
228,"cort","moderate","RWS",2214,NA
236,"cort","moderate","RWS",3617,1403
242,"cort","moderate","RWS",3617,NA
249,"cort","moderate","RWS",3786,169
256,"cort","moderate","RWS",3786,NA
263,"cort","moderate","RWS",3786,NA
269,"cort","moderate","RWS",3786,NA
278,"cort","moderate","RWS",4669,883
290,"cort","moderate","RWS",4669,NA
297,"cort","moderate","RWS",5869,1200
304,"cort","moderate","RWS",5869,NA
311,"cort","moderate","RWS",5869,NA
318,"cort","moderate","RWS",5869,NA
325,"cort","moderate","RWS",5869,NA
332,"cort","moderate","RWS",5869,NA
339,"cort","moderate","RWS",6562,693
346,"cort","moderate","RWS",6926,364
353,"cort","moderate","RWS",6926,NA
360,"cort","moderate","RWS",6926,NA
367,"cort","moderate","RWS",6926,NA
374,"cort","moderate","RWS",7206,280
381,"cort","moderate","RWS",7206,NA
388,"cort","moderate","RWS",7206,NA
401,"cort","moderate","RWS",7206,NA
422,"cort","moderate","RWS",7206,NA
429,"cort","moderate","RWS",7206,NA
457,"cort","moderate","RWS",7206,NA
499,"cort","moderate","RWS",7206,NA
527,"cort","moderate","RWS",7206,NA
536,"cort","moderate","RWS",7206,NA
569,"cort","moderate","RWS",7206,NA
577,"cort","moderate","RWS",7206,NA
604,"cort","moderate","RWS",7206,NA
611,"cort","moderate","RWS",7482,276
625,"cort","moderate","RWS",7482,NA
639,"cort","moderate","RWS",7482,NA
646,"cort","moderate","RWS",7482,NA
653,"cort","moderate","RWS",7482,NA
660,"cort","moderate","RWS",7482,NA
667,"cort","moderate","RWS",7482,NA
674,"cort","moderate","RWS",7482,NA
682,"cort","moderate","RWS",7482,NA
688,"cort","moderate","RWS",7482,NA
702,"cort","moderate","RWS",7719,237
709,"cort","moderate","RWS",7719,NA
751,"cort","moderate","RWS",7719,NA
793,"cort","moderate","RWS",7719,NA
159,"cort","severecrit","RCT",0,NA
169,"cort","severecrit","RCT",0,NA
179,"cort","severecrit","RCT",0,NA
187,"cort","severecrit","RCT",0,NA
215,"cort","severecrit","RCT",1007,1007
220,"cort","severecrit","RCT",1007,NA
227,"cort","severecrit","RCT",1007,NA
236,"cort","severecrit","RCT",1007,NA
242,"cort","severecrit","RCT",1007,NA
263,"cort","severecrit","RCT",1328,321
269,"cort","severecrit","RCT",1328,NA
278,"cort","severecrit","RCT",1328,NA
283,"cort","severecrit","RCT",2255,927
290,"cort","severecrit","RCT",2255,NA
297,"cort","severecrit","RCT",2278,23
318,"cort","severecrit","RCT",2278,NA
325,"cort","severecrit","RCT",2278,NA
332,"cort","severecrit","RCT",2278,NA
339,"cort","severecrit","RCT",2278,NA
346,"cort","severecrit","RCT",2278,NA
353,"cort","severecrit","RCT",2278,NA
360,"cort","severecrit","RCT",2278,NA
367,"cort","severecrit","RCT",2278,NA
374,"cort","severecrit","RCT",2278,NA
381,"cort","severecrit","RCT",2278,NA
408,"cort","severecrit","RCT",2278,NA
422,"cort","severecrit","RCT",2278,NA
425,"cort","severecrit","RCT",2278,NA
429,"cort","severecrit","RCT",2319,41
437,"cort","severecrit","RCT",2319,NA
444,"cort","severecrit","RCT",2319,NA
450,"cort","severecrit","RCT",2369,50
457,"cort","severecrit","RCT",2369,NA
471,"cort","severecrit","RCT",2369,NA
478,"cort","severecrit","RCT",2369,NA
492,"cort","severecrit","RCT",2369,NA
499,"cort","severecrit","RCT",2369,NA
513,"cort","severecrit","RCT",2369,NA
520,"cort","severecrit","RCT",2369,NA
527,"cort","severecrit","RCT",2369,NA
536,"cort","severecrit","RCT",2369,NA
562,"cort","severecrit","RCT",2369,NA
563,"cort","severecrit","RCT",2369,NA
577,"cort","severecrit","RCT",2399,30
583,"cort","severecrit","RCT",2399,NA
598,"cort","severecrit","RCT",2399,NA
618,"cort","severecrit","RCT",2399,NA
625,"cort","severecrit","RCT",2399,NA
639,"cort","severecrit","RCT",2399,NA
682,"cort","severecrit","RCT",2399,NA
688,"cort","severecrit","RCT",2399,NA
730,"cort","severecrit","RCT",2399,NA
737,"cort","severecrit","RCT",2399,NA
758,"cort","severecrit","RCT",2399,NA
789,"cort","severecrit","RCT",2399,NA
793,"cort","severecrit","RCT",2399,NA
808,"cort","severecrit","RCT",2399,NA
159,"cort","severecrit","RWS",62,62
169,"cort","severecrit","RWS",62,NA
177,"cort","severecrit","RWS",311,249
179,"cort","severecrit","RWS",345,34
186,"cort","severecrit","RWS",345,NA
188,"cort","severecrit","RWS",345,NA
194,"cort","severecrit","RWS",345,NA
205,"cort","severecrit","RWS",518,173
215,"cort","severecrit","RWS",629,111
220,"cort","severecrit","RWS",629,NA
227,"cort","severecrit","RWS",629,NA
228,"cort","severecrit","RWS",629,NA
236,"cort","severecrit","RWS",629,NA
242,"cort","severecrit","RWS",629,NA
249,"cort","severecrit","RWS",765,136
256,"cort","severecrit","RWS",921,156
263,"cort","severecrit","RWS",921,NA
269,"cort","severecrit","RWS",921,NA
278,"cort","severecrit","RWS",921,NA
290,"cort","severecrit","RWS",921,NA
297,"cort","severecrit","RWS",921,NA
304,"cort","severecrit","RWS",1609,688
311,"cort","severecrit","RWS",2060,451
318,"cort","severecrit","RWS",2060,NA
325,"cort","severecrit","RWS",2060,NA
332,"cort","severecrit","RWS",2060,NA
339,"cort","severecrit","RWS",2060,NA
346,"cort","severecrit","RWS",2060,NA
353,"cort","severecrit","RWS",2442,382
360,"cort","severecrit","RWS",2889,447
367,"cort","severecrit","RWS",2889,NA
374,"cort","severecrit","RWS",3260,371
381,"cort","severecrit","RWS",3260,NA
388,"cort","severecrit","RWS",3982,722
401,"cort","severecrit","RWS",3982,NA
422,"cort","severecrit","RWS",3982,NA
429,"cort","severecrit","RWS",3982,NA
457,"cort","severecrit","RWS",3982,NA
499,"cort","severecrit","RWS",3982,NA
527,"cort","severecrit","RWS",3982,NA
536,"cort","severecrit","RWS",3982,NA
569,"cort","severecrit","RWS",3982,NA
577,"cort","severecrit","RWS",3982,NA
604,"cort","severecrit","RWS",3982,NA
611,"cort","severecrit","RWS",3982,NA
625,"cort","severecrit","RWS",3982,NA
639,"cort","severecrit","RWS",3982,NA
646,"cort","severecrit","RWS",3982,NA
653,"cort","severecrit","RWS",3982,NA
660,"cort","severecrit","RWS",3982,NA
667,"cort","severecrit","RWS",3982,NA
674,"cort","severecrit","RWS",3982,NA
682,"cort","severecrit","RWS",3982,NA
688,"cort","severecrit","RWS",5522,1540
702,"cort","severecrit","RWS",5522,NA
709,"cort","severecrit","RWS",5522,NA
751,"cort","severecrit","RWS",5522,NA
793,"cort","severecrit","RWS",5522,NA
159,"hydroxychloroquine","all","RCT",150,150
169,"hydroxychloroquine","all","RCT",180,30
179,"hydroxychloroquine","all","RCT",180,NA
187,"hydroxychloroquine","all","RCT",180,NA
215,"hydroxychloroquine","all","RCT",210,30
220,"hydroxychloroquine","all","RCT",210,NA
227,"hydroxychloroquine","all","RCT",243,33
236,"hydroxychloroquine","all","RCT",5714,5471
242,"hydroxychloroquine","all","RCT",6162,448
263,"hydroxychloroquine","all","RCT",6162,NA
269,"hydroxychloroquine","all","RCT",6356,194
278,"hydroxychloroquine","all","RCT",6356,NA
283,"hydroxychloroquine","all","RCT",6356,NA
290,"hydroxychloroquine","all","RCT",6356,NA
297,"hydroxychloroquine","all","RCT",6356,NA
318,"hydroxychloroquine","all","RCT",6356,NA
325,"hydroxychloroquine","all","RCT",8209,1853
332,"hydroxychloroquine","all","RCT",8507,298
339,"hydroxychloroquine","all","RCT",8507,NA
346,"hydroxychloroquine","all","RCT",8635,128
353,"hydroxychloroquine","all","RCT",9114,479
360,"hydroxychloroquine","all","RCT",9114,NA
367,"hydroxychloroquine","all","RCT",9114,NA
374,"hydroxychloroquine","all","RCT",9418,304
381,"hydroxychloroquine","all","RCT",9418,NA
408,"hydroxychloroquine","all","RCT",9711,293
422,"hydroxychloroquine","all","RCT",9711,NA
425,"hydroxychloroquine","all","RCT",10211,500
429,"hydroxychloroquine","all","RCT",10211,NA
437,"hydroxychloroquine","all","RCT",10425,214
444,"hydroxychloroquine","all","RCT",10425,NA
450,"hydroxychloroquine","all","RCT",10425,NA
457,"hydroxychloroquine","all","RCT",10495,70
471,"hydroxychloroquine","all","RCT",10649,154
478,"hydroxychloroquine","all","RCT",10649,NA
492,"hydroxychloroquine","all","RCT",10649,NA
499,"hydroxychloroquine","all","RCT",10649,NA
513,"hydroxychloroquine","all","RCT",11090,441
520,"hydroxychloroquine","all","RCT",11090,NA
527,"hydroxychloroquine","all","RCT",11090,NA
536,"hydroxychloroquine","all","RCT",11095,5
562,"hydroxychloroquine","all","RCT",11095,NA
563,"hydroxychloroquine","all","RCT",11095,NA
577,"hydroxychloroquine","all","RCT",11243,148
583,"hydroxychloroquine","all","RCT",11243,NA
598,"hydroxychloroquine","all","RCT",11744,501
618,"hydroxychloroquine","all","RCT",11854,110
625,"hydroxychloroquine","all","RCT",11854,NA
639,"hydroxychloroquine","all","RCT",11854,NA
682,"hydroxychloroquine","all","RCT",11854,NA
688,"hydroxychloroquine","all","RCT",11854,NA
730,"hydroxychloroquine","all","RCT",11854,NA
737,"hydroxychloroquine","all","RCT",11854,NA
758,"hydroxychloroquine","all","RCT",11854,NA
789,"hydroxychloroquine","all","RCT",11854,NA
793,"hydroxychloroquine","all","RCT",11854,NA
808,"hydroxychloroquine","all","RCT",11854,NA
159,"hydroxychloroquine","all","RWS",1004,1004
169,"hydroxychloroquine","all","RWS",2872,1868
177,"hydroxychloroquine","all","RWS",4692,1820
179,"hydroxychloroquine","all","RWS",4692,NA
186,"hydroxychloroquine","all","RWS",7204,2512
188,"hydroxychloroquine","all","RWS",7204,NA
194,"hydroxychloroquine","all","RWS",7204,NA
205,"hydroxychloroquine","all","RWS",11703,4499
215,"hydroxychloroquine","all","RWS",11966,263
220,"hydroxychloroquine","all","RWS",13577,1611
227,"hydroxychloroquine","all","RWS",13922,345
228,"hydroxychloroquine","all","RWS",13982,60
236,"hydroxychloroquine","all","RWS",14798,816
242,"hydroxychloroquine","all","RWS",14798,NA
249,"hydroxychloroquine","all","RWS",14798,NA
256,"hydroxychloroquine","all","RWS",14907,109
263,"hydroxychloroquine","all","RWS",14907,NA
269,"hydroxychloroquine","all","RWS",14907,NA
278,"hydroxychloroquine","all","RWS",27500,12593
290,"hydroxychloroquine","all","RWS",33041,5541
297,"hydroxychloroquine","all","RWS",33121,80
304,"hydroxychloroquine","all","RWS",33121,NA
311,"hydroxychloroquine","all","RWS",33808,687
318,"hydroxychloroquine","all","RWS",36638,2830
325,"hydroxychloroquine","all","RWS",37372,734
332,"hydroxychloroquine","all","RWS",37372,NA
339,"hydroxychloroquine","all","RWS",37372,NA
346,"hydroxychloroquine","all","RWS",37791,419
353,"hydroxychloroquine","all","RWS",37791,NA
360,"hydroxychloroquine","all","RWS",37791,NA
367,"hydroxychloroquine","all","RWS",37791,NA
374,"hydroxychloroquine","all","RWS",38237,446
381,"hydroxychloroquine","all","RWS",38237,NA
388,"hydroxychloroquine","all","RWS",38237,NA
401,"hydroxychloroquine","all","RWS",39906,1669
422,"hydroxychloroquine","all","RWS",39906,NA
429,"hydroxychloroquine","all","RWS",39906,NA
457,"hydroxychloroquine","all","RWS",39906,NA
499,"hydroxychloroquine","all","RWS",39906,NA
527,"hydroxychloroquine","all","RWS",39906,NA
536,"hydroxychloroquine","all","RWS",40128,222
569,"hydroxychloroquine","all","RWS",40128,NA
577,"hydroxychloroquine","all","RWS",40128,NA
604,"hydroxychloroquine","all","RWS",40128,NA
611,"hydroxychloroquine","all","RWS",40128,NA
625,"hydroxychloroquine","all","RWS",40128,NA
639,"hydroxychloroquine","all","RWS",40128,NA
646,"hydroxychloroquine","all","RWS",40128,NA
653,"hydroxychloroquine","all","RWS",40128,NA
660,"hydroxychloroquine","all","RWS",40128,NA
667,"hydroxychloroquine","all","RWS",40392,264
674,"hydroxychloroquine","all","RWS",40392,NA
682,"hydroxychloroquine","all","RWS",40392,NA
688,"hydroxychloroquine","all","RWS",40392,NA
702,"hydroxychloroquine","all","RWS",40392,NA
709,"hydroxychloroquine","all","RWS",40392,NA
751,"hydroxychloroquine","all","RWS",40392,NA
793,"hydroxychloroquine","all","RWS",40392,NA
159,"hydroxychloroquineazithromycin","all","RCT",0,NA
169,"hydroxychloroquineazithromycin","all","RCT",0,NA
179,"hydroxychloroquineazithromycin","all","RCT",0,NA
187,"hydroxychloroquineazithromycin","all","RCT",0,NA
215,"hydroxychloroquineazithromycin","all","RCT",0,NA
220,"hydroxychloroquineazithromycin","all","RCT",0,NA
227,"hydroxychloroquineazithromycin","all","RCT",0,NA
236,"hydroxychloroquineazithromycin","all","RCT",0,NA
242,"hydroxychloroquineazithromycin","all","RCT",444,444
263,"hydroxychloroquineazithromycin","all","RCT",444,NA
269,"hydroxychloroquineazithromycin","all","RCT",444,NA
278,"hydroxychloroquineazithromycin","all","RCT",444,NA
283,"hydroxychloroquineazithromycin","all","RCT",444,NA
290,"hydroxychloroquineazithromycin","all","RCT",444,NA
297,"hydroxychloroquineazithromycin","all","RCT",444,NA
318,"hydroxychloroquineazithromycin","all","RCT",444,NA
325,"hydroxychloroquineazithromycin","all","RCT",444,NA
332,"hydroxychloroquineazithromycin","all","RCT",444,NA
339,"hydroxychloroquineazithromycin","all","RCT",444,NA
346,"hydroxychloroquineazithromycin","all","RCT",444,NA
353,"hydroxychloroquineazithromycin","all","RCT",444,NA
360,"hydroxychloroquineazithromycin","all","RCT",444,NA
367,"hydroxychloroquineazithromycin","all","RCT",444,NA
374,"hydroxychloroquineazithromycin","all","RCT",748,304
381,"hydroxychloroquineazithromycin","all","RCT",748,NA
408,"hydroxychloroquineazithromycin","all","RCT",748,NA
422,"hydroxychloroquineazithromycin","all","RCT",748,NA
425,"hydroxychloroquineazithromycin","all","RCT",748,NA
429,"hydroxychloroquineazithromycin","all","RCT",748,NA
437,"hydroxychloroquineazithromycin","all","RCT",748,NA
444,"hydroxychloroquineazithromycin","all","RCT",748,NA
450,"hydroxychloroquineazithromycin","all","RCT",748,NA
457,"hydroxychloroquineazithromycin","all","RCT",748,NA
471,"hydroxychloroquineazithromycin","all","RCT",908,160
478,"hydroxychloroquineazithromycin","all","RCT",932,24
492,"hydroxychloroquineazithromycin","all","RCT",948,16
499,"hydroxychloroquineazithromycin","all","RCT",948,NA
513,"hydroxychloroquineazithromycin","all","RCT",948,NA
520,"hydroxychloroquineazithromycin","all","RCT",948,NA
527,"hydroxychloroquineazithromycin","all","RCT",948,NA
536,"hydroxychloroquineazithromycin","all","RCT",951,3
562,"hydroxychloroquineazithromycin","all","RCT",1068,117
563,"hydroxychloroquineazithromycin","all","RCT",1068,NA
577,"hydroxychloroquineazithromycin","all","RCT",1068,NA
583,"hydroxychloroquineazithromycin","all","RCT",1068,NA
598,"hydroxychloroquineazithromycin","all","RCT",1068,NA
618,"hydroxychloroquineazithromycin","all","RCT",1068,NA
625,"hydroxychloroquineazithromycin","all","RCT",1068,NA
639,"hydroxychloroquineazithromycin","all","RCT",1152,84
682,"hydroxychloroquineazithromycin","all","RCT",1152,NA
688,"hydroxychloroquineazithromycin","all","RCT",1152,NA
730,"hydroxychloroquineazithromycin","all","RCT",1152,NA
737,"hydroxychloroquineazithromycin","all","RCT",1152,NA
758,"hydroxychloroquineazithromycin","all","RCT",1152,NA
789,"hydroxychloroquineazithromycin","all","RCT",1152,NA
793,"hydroxychloroquineazithromycin","all","RCT",1152,NA
808,"hydroxychloroquineazithromycin","all","RCT",1152,NA
159,"hydroxychloroquineazithromycin","all","RWS",271,271
169,"hydroxychloroquineazithromycin","all","RWS",1227,956
177,"hydroxychloroquineazithromycin","all","RWS",1227,NA
179,"hydroxychloroquineazithromycin","all","RWS",1259,32
186,"hydroxychloroquineazithromycin","all","RWS",1259,NA
188,"hydroxychloroquineazithromycin","all","RWS",1259,NA
194,"hydroxychloroquineazithromycin","all","RWS",1259,NA
205,"hydroxychloroquineazithromycin","all","RWS",5278,4019
215,"hydroxychloroquineazithromycin","all","RWS",8939,3661
220,"hydroxychloroquineazithromycin","all","RWS",10131,1192
227,"hydroxychloroquineazithromycin","all","RWS",10131,NA
228,"hydroxychloroquineazithromycin","all","RWS",10131,NA
236,"hydroxychloroquineazithromycin","all","RWS",11036,905
242,"hydroxychloroquineazithromycin","all","RWS",11036,NA
249,"hydroxychloroquineazithromycin","all","RWS",11036,NA
256,"hydroxychloroquineazithromycin","all","RWS",11036,NA
263,"hydroxychloroquineazithromycin","all","RWS",11036,NA
269,"hydroxychloroquineazithromycin","all","RWS",11036,NA
278,"hydroxychloroquineazithromycin","all","RWS",11036,NA
290,"hydroxychloroquineazithromycin","all","RWS",11036,NA
297,"hydroxychloroquineazithromycin","all","RWS",11396,360
304,"hydroxychloroquineazithromycin","all","RWS",11396,NA
311,"hydroxychloroquineazithromycin","all","RWS",11396,NA
318,"hydroxychloroquineazithromycin","all","RWS",14718,3322
325,"hydroxychloroquineazithromycin","all","RWS",15116,398
332,"hydroxychloroquineazithromycin","all","RWS",15462,346
339,"hydroxychloroquineazithromycin","all","RWS",15462,NA
346,"hydroxychloroquineazithromycin","all","RWS",15462,NA
353,"hydroxychloroquineazithromycin","all","RWS",15462,NA
360,"hydroxychloroquineazithromycin","all","RWS",15462,NA
367,"hydroxychloroquineazithromycin","all","RWS",15462,NA
374,"hydroxychloroquineazithromycin","all","RWS",15462,NA
381,"hydroxychloroquineazithromycin","all","RWS",15462,NA
388,"hydroxychloroquineazithromycin","all","RWS",15462,NA
401,"hydroxychloroquineazithromycin","all","RWS",15462,NA
422,"hydroxychloroquineazithromycin","all","RWS",15462,NA
429,"hydroxychloroquineazithromycin","all","RWS",15462,NA
457,"hydroxychloroquineazithromycin","all","RWS",15462,NA
499,"hydroxychloroquineazithromycin","all","RWS",15462,NA
527,"hydroxychloroquineazithromycin","all","RWS",15462,NA
536,"hydroxychloroquineazithromycin","all","RWS",15462,NA
569,"hydroxychloroquineazithromycin","all","RWS",15462,NA
577,"hydroxychloroquineazithromycin","all","RWS",15462,NA
604,"hydroxychloroquineazithromycin","all","RWS",15462,NA
611,"hydroxychloroquineazithromycin","all","RWS",15462,NA
625,"hydroxychloroquineazithromycin","all","RWS",15462,NA
639,"hydroxychloroquineazithromycin","all","RWS",15462,NA
646,"hydroxychloroquineazithromycin","all","RWS",15462,NA
653,"hydroxychloroquineazithromycin","all","RWS",15462,NA
660,"hydroxychloroquineazithromycin","all","RWS",15462,NA
667,"hydroxychloroquineazithromycin","all","RWS",15462,NA
674,"hydroxychloroquineazithromycin","all","RWS",15462,NA
682,"hydroxychloroquineazithromycin","all","RWS",15462,NA
688,"hydroxychloroquineazithromycin","all","RWS",15462,NA
702,"hydroxychloroquineazithromycin","all","RWS",15462,NA
709,"hydroxychloroquineazithromycin","all","RWS",15462,NA
751,"hydroxychloroquineazithromycin","all","RWS",15462,NA
793,"hydroxychloroquineazithromycin","all","RWS",15462,NA
159,"lopiritonavir","all","RCT",250,250
169,"lopiritonavir","all","RCT",250,NA
179,"lopiritonavir","all","RCT",250,NA
187,"lopiritonavir","all","RCT",250,NA
215,"lopiritonavir","all","RCT",250,NA
220,"lopiritonavir","all","RCT",250,NA
227,"lopiritonavir","all","RCT",250,NA
236,"lopiritonavir","all","RCT",250,NA
242,"lopiritonavir","all","RCT",250,NA
263,"lopiritonavir","all","RCT",250,NA
269,"lopiritonavir","all","RCT",250,NA
278,"lopiritonavir","all","RCT",250,NA
283,"lopiritonavir","all","RCT",250,NA
290,"lopiritonavir","all","RCT",250,NA
297,"lopiritonavir","all","RCT",250,NA
318,"lopiritonavir","all","RCT",5290,5040
325,"lopiritonavir","all","RCT",8061,2771
332,"lopiritonavir","all","RCT",8061,NA
339,"lopiritonavir","all","RCT",8061,NA
346,"lopiritonavir","all","RCT",8061,NA
353,"lopiritonavir","all","RCT",8061,NA
360,"lopiritonavir","all","RCT",8061,NA
367,"lopiritonavir","all","RCT",8061,NA
374,"lopiritonavir","all","RCT",8061,NA
381,"lopiritonavir","all","RCT",8061,NA
408,"lopiritonavir","all","RCT",8354,293
422,"lopiritonavir","all","RCT",8354,NA
425,"lopiritonavir","all","RCT",8354,NA
429,"lopiritonavir","all","RCT",8354,NA
437,"lopiritonavir","all","RCT",8354,NA
444,"lopiritonavir","all","RCT",8354,NA
450,"lopiritonavir","all","RCT",8354,NA
457,"lopiritonavir","all","RCT",8354,NA
471,"lopiritonavir","all","RCT",8354,NA
478,"lopiritonavir","all","RCT",8354,NA
492,"lopiritonavir","all","RCT",8354,NA
499,"lopiritonavir","all","RCT",8354,NA
513,"lopiritonavir","all","RCT",8825,471
520,"lopiritonavir","all","RCT",8825,NA
527,"lopiritonavir","all","RCT",8825,NA
536,"lopiritonavir","all","RCT",8825,NA
562,"lopiritonavir","all","RCT",8825,NA
563,"lopiritonavir","all","RCT",8825,NA
577,"lopiritonavir","all","RCT",8825,NA
583,"lopiritonavir","all","RCT",8825,NA
598,"lopiritonavir","all","RCT",9427,602
618,"lopiritonavir","all","RCT",9427,NA
625,"lopiritonavir","all","RCT",9427,NA
639,"lopiritonavir","all","RCT",9427,NA
682,"lopiritonavir","all","RCT",9427,NA
688,"lopiritonavir","all","RCT",9427,NA
730,"lopiritonavir","all","RCT",9427,NA
737,"lopiritonavir","all","RCT",9427,NA
758,"lopiritonavir","all","RCT",9427,NA
789,"lopiritonavir","all","RCT",9427,NA
793,"lopiritonavir","all","RCT",9427,NA
808,"lopiritonavir","all","RCT",9427,NA
159,"lopiritonavir","all","RWS",504,504
169,"lopiritonavir","all","RWS",504,NA
177,"lopiritonavir","all","RWS",504,NA
179,"lopiritonavir","all","RWS",532,28
186,"lopiritonavir","all","RWS",532,NA
188,"lopiritonavir","all","RWS",532,NA
194,"lopiritonavir","all","RWS",532,NA
205,"lopiritonavir","all","RWS",532,NA
215,"lopiritonavir","all","RWS",532,NA
220,"lopiritonavir","all","RWS",532,NA
227,"lopiritonavir","all","RWS",674,142
228,"lopiritonavir","all","RWS",716,42
236,"lopiritonavir","all","RWS",716,NA
242,"lopiritonavir","all","RWS",716,NA
249,"lopiritonavir","all","RWS",826,110
256,"lopiritonavir","all","RWS",962,136
263,"lopiritonavir","all","RWS",962,NA
269,"lopiritonavir","all","RWS",962,NA
278,"lopiritonavir","all","RWS",962,NA
290,"lopiritonavir","all","RWS",962,NA
297,"lopiritonavir","all","RWS",962,NA
304,"lopiritonavir","all","RWS",962,NA
311,"lopiritonavir","all","RWS",962,NA
318,"lopiritonavir","all","RWS",962,NA
325,"lopiritonavir","all","RWS",962,NA
332,"lopiritonavir","all","RWS",962,NA
339,"lopiritonavir","all","RWS",962,NA
346,"lopiritonavir","all","RWS",962,NA
353,"lopiritonavir","all","RWS",962,NA
360,"lopiritonavir","all","RWS",962,NA
367,"lopiritonavir","all","RWS",962,NA
374,"lopiritonavir","all","RWS",962,NA
381,"lopiritonavir","all","RWS",962,NA
388,"lopiritonavir","all","RWS",962,NA
401,"lopiritonavir","all","RWS",962,NA
422,"lopiritonavir","all","RWS",962,NA
429,"lopiritonavir","all","RWS",962,NA
457,"lopiritonavir","all","RWS",962,NA
499,"lopiritonavir","all","RWS",962,NA
527,"lopiritonavir","all","RWS",962,NA
536,"lopiritonavir","all","RWS",1199,237
569,"lopiritonavir","all","RWS",1199,NA
577,"lopiritonavir","all","RWS",1199,NA
604,"lopiritonavir","all","RWS",1199,NA
611,"lopiritonavir","all","RWS",1199,NA
625,"lopiritonavir","all","RWS",1199,NA
639,"lopiritonavir","all","RWS",1199,NA
646,"lopiritonavir","all","RWS",1199,NA
653,"lopiritonavir","all","RWS",1199,NA
660,"lopiritonavir","all","RWS",1199,NA
667,"lopiritonavir","all","RWS",1199,NA
674,"lopiritonavir","all","RWS",1199,NA
682,"lopiritonavir","all","RWS",1199,NA
688,"lopiritonavir","all","RWS",1199,NA
702,"lopiritonavir","all","RWS",1199,NA
709,"lopiritonavir","all","RWS",1199,NA
751,"lopiritonavir","all","RWS",1199,NA
793,"lopiritonavir","all","RWS",1199,NA
159,"remdesivir","notseverecrit","RCT",0,NA
169,"remdesivir","notseverecrit","RCT",0,NA
179,"remdesivir","notseverecrit","RCT",775,775
187,"remdesivir","notseverecrit","RCT",775,NA
215,"remdesivir","notseverecrit","RCT",775,NA
220,"remdesivir","notseverecrit","RCT",775,NA
227,"remdesivir","notseverecrit","RCT",775,NA
236,"remdesivir","notseverecrit","RCT",775,NA
242,"remdesivir","notseverecrit","RCT",775,NA
263,"remdesivir","notseverecrit","RCT",775,NA
269,"remdesivir","notseverecrit","RCT",1559,784
278,"remdesivir","notseverecrit","RCT",1559,NA
283,"remdesivir","notseverecrit","RCT",1559,NA
290,"remdesivir","notseverecrit","RCT",1559,NA
297,"remdesivir","notseverecrit","RCT",1559,NA
318,"remdesivir","notseverecrit","RCT",1559,NA
325,"remdesivir","notseverecrit","RCT",6523,4964
332,"remdesivir","notseverecrit","RCT",6523,NA
339,"remdesivir","notseverecrit","RCT",6523,NA
346,"remdesivir","notseverecrit","RCT",6523,NA
353,"remdesivir","notseverecrit","RCT",6523,NA
360,"remdesivir","notseverecrit","RCT",6523,NA
367,"remdesivir","notseverecrit","RCT",6523,NA
374,"remdesivir","notseverecrit","RCT",6523,NA
381,"remdesivir","notseverecrit","RCT",6523,NA
408,"remdesivir","notseverecrit","RCT",6523,NA
422,"remdesivir","notseverecrit","RCT",6523,NA
425,"remdesivir","notseverecrit","RCT",6523,NA
429,"remdesivir","notseverecrit","RCT",6523,NA
437,"remdesivir","notseverecrit","RCT",6523,NA
444,"remdesivir","notseverecrit","RCT",6523,NA
450,"remdesivir","notseverecrit","RCT",6523,NA
457,"remdesivir","notseverecrit","RCT",6523,NA
471,"remdesivir","notseverecrit","RCT",6523,NA
478,"remdesivir","notseverecrit","RCT",6523,NA
492,"remdesivir","notseverecrit","RCT",6523,NA
499,"remdesivir","notseverecrit","RCT",6593,70
513,"remdesivir","notseverecrit","RCT",6593,NA
520,"remdesivir","notseverecrit","RCT",6593,NA
527,"remdesivir","notseverecrit","RCT",6593,NA
536,"remdesivir","notseverecrit","RCT",6593,NA
562,"remdesivir","notseverecrit","RCT",6593,NA
563,"remdesivir","notseverecrit","RCT",6593,NA
577,"remdesivir","notseverecrit","RCT",6593,NA
583,"remdesivir","notseverecrit","RCT",6593,NA
598,"remdesivir","notseverecrit","RCT",6692,99
618,"remdesivir","notseverecrit","RCT",6692,NA
625,"remdesivir","notseverecrit","RCT",6692,NA
639,"remdesivir","notseverecrit","RCT",6692,NA
682,"remdesivir","notseverecrit","RCT",6692,NA
688,"remdesivir","notseverecrit","RCT",6892,200
730,"remdesivir","notseverecrit","RCT",7454,562
737,"remdesivir","notseverecrit","RCT",7454,NA
758,"remdesivir","notseverecrit","RCT",7454,NA
789,"remdesivir","notseverecrit","RCT",8266,812
793,"remdesivir","notseverecrit","RCT",8266,NA
808,"remdesivir","notseverecrit","RCT",8266,NA
159,"remdesivir","notseverecrit","RWS",0,NA
169,"remdesivir","notseverecrit","RWS",0,NA
177,"remdesivir","notseverecrit","RWS",0,NA
179,"remdesivir","notseverecrit","RWS",0,NA
186,"remdesivir","notseverecrit","RWS",0,NA
188,"remdesivir","notseverecrit","RWS",0,NA
194,"remdesivir","notseverecrit","RWS",0,NA
205,"remdesivir","notseverecrit","RWS",0,NA
215,"remdesivir","notseverecrit","RWS",0,NA
220,"remdesivir","notseverecrit","RWS",0,NA
227,"remdesivir","notseverecrit","RWS",0,NA
228,"remdesivir","notseverecrit","RWS",0,NA
236,"remdesivir","notseverecrit","RWS",0,NA
242,"remdesivir","notseverecrit","RWS",1130,1130
249,"remdesivir","notseverecrit","RWS",1130,NA
256,"remdesivir","notseverecrit","RWS",1130,NA
263,"remdesivir","notseverecrit","RWS",1130,NA
269,"remdesivir","notseverecrit","RWS",1130,NA
278,"remdesivir","notseverecrit","RWS",1130,NA
290,"remdesivir","notseverecrit","RWS",1130,NA
297,"remdesivir","notseverecrit","RWS",1130,NA
304,"remdesivir","notseverecrit","RWS",1130,NA
311,"remdesivir","notseverecrit","RWS",1130,NA
318,"remdesivir","notseverecrit","RWS",1130,NA
325,"remdesivir","notseverecrit","RWS",1130,NA
332,"remdesivir","notseverecrit","RWS",1130,NA
339,"remdesivir","notseverecrit","RWS",1354,224
346,"remdesivir","notseverecrit","RWS",1354,NA
353,"remdesivir","notseverecrit","RWS",1354,NA
360,"remdesivir","notseverecrit","RWS",1894,540
367,"remdesivir","notseverecrit","RWS",1894,NA
374,"remdesivir","notseverecrit","RWS",1894,NA
381,"remdesivir","notseverecrit","RWS",1894,NA
388,"remdesivir","notseverecrit","RWS",1894,NA
401,"remdesivir","notseverecrit","RWS",1894,NA
422,"remdesivir","notseverecrit","RWS",1894,NA
429,"remdesivir","notseverecrit","RWS",1894,NA
457,"remdesivir","notseverecrit","RWS",1894,NA
499,"remdesivir","notseverecrit","RWS",1894,NA
527,"remdesivir","notseverecrit","RWS",1894,NA
536,"remdesivir","notseverecrit","RWS",1894,NA
569,"remdesivir","notseverecrit","RWS",1894,NA
577,"remdesivir","notseverecrit","RWS",8124,6230
604,"remdesivir","notseverecrit","RWS",11074,2950
611,"remdesivir","notseverecrit","RWS",11074,NA
625,"remdesivir","notseverecrit","RWS",11074,NA
639,"remdesivir","notseverecrit","RWS",11074,NA
646,"remdesivir","notseverecrit","RWS",13681,2607
653,"remdesivir","notseverecrit","RWS",14190,509
660,"remdesivir","notseverecrit","RWS",14332,142
667,"remdesivir","notseverecrit","RWS",14332,NA
674,"remdesivir","notseverecrit","RWS",14332,NA
682,"remdesivir","notseverecrit","RWS",57888,43556
688,"remdesivir","notseverecrit","RWS",57888,NA
702,"remdesivir","notseverecrit","RWS",57888,NA
709,"remdesivir","notseverecrit","RWS",58318,430
751,"remdesivir","notseverecrit","RWS",84616,26298
793,"remdesivir","notseverecrit","RWS",84616,NA
159,"remdesivir","severecrit","RCT",0,NA
169,"remdesivir","severecrit","RCT",0,NA
179,"remdesivir","severecrit","RCT",469,469
187,"remdesivir","severecrit","RCT",469,NA
215,"remdesivir","severecrit","RCT",469,NA
220,"remdesivir","severecrit","RCT",469,NA
227,"remdesivir","severecrit","RCT",469,NA
236,"remdesivir","severecrit","RCT",469,NA
242,"remdesivir","severecrit","RCT",469,NA
263,"remdesivir","severecrit","RCT",469,NA
269,"remdesivir","severecrit","RCT",469,NA
278,"remdesivir","severecrit","RCT",469,NA
283,"remdesivir","severecrit","RCT",469,NA
290,"remdesivir","severecrit","RCT",469,NA
297,"remdesivir","severecrit","RCT",469,NA
318,"remdesivir","severecrit","RCT",469,NA
325,"remdesivir","severecrit","RCT",956,487
332,"remdesivir","severecrit","RCT",956,NA
339,"remdesivir","severecrit","RCT",956,NA
346,"remdesivir","severecrit","RCT",956,NA
353,"remdesivir","severecrit","RCT",956,NA
360,"remdesivir","severecrit","RCT",956,NA
367,"remdesivir","severecrit","RCT",956,NA
374,"remdesivir","severecrit","RCT",956,NA
381,"remdesivir","severecrit","RCT",956,NA
408,"remdesivir","severecrit","RCT",956,NA
422,"remdesivir","severecrit","RCT",956,NA
425,"remdesivir","severecrit","RCT",956,NA
429,"remdesivir","severecrit","RCT",956,NA
437,"remdesivir","severecrit","RCT",956,NA
444,"remdesivir","severecrit","RCT",956,NA
450,"remdesivir","severecrit","RCT",956,NA
457,"remdesivir","severecrit","RCT",956,NA
471,"remdesivir","severecrit","RCT",956,NA
478,"remdesivir","severecrit","RCT",956,NA
492,"remdesivir","severecrit","RCT",956,NA
499,"remdesivir","severecrit","RCT",956,NA
513,"remdesivir","severecrit","RCT",956,NA
520,"remdesivir","severecrit","RCT",956,NA
527,"remdesivir","severecrit","RCT",956,NA
536,"remdesivir","severecrit","RCT",956,NA
562,"remdesivir","severecrit","RCT",956,NA
563,"remdesivir","severecrit","RCT",956,NA
577,"remdesivir","severecrit","RCT",956,NA
583,"remdesivir","severecrit","RCT",956,NA
598,"remdesivir","severecrit","RCT",956,NA
618,"remdesivir","severecrit","RCT",956,NA
625,"remdesivir","severecrit","RCT",956,NA
639,"remdesivir","severecrit","RCT",956,NA
682,"remdesivir","severecrit","RCT",956,NA
688,"remdesivir","severecrit","RCT",956,NA
730,"remdesivir","severecrit","RCT",956,NA
737,"remdesivir","severecrit","RCT",956,NA
758,"remdesivir","severecrit","RCT",956,NA
789,"remdesivir","severecrit","RCT",1399,443
793,"remdesivir","severecrit","RCT",1399,NA
808,"remdesivir","severecrit","RCT",1399,NA
159,"remdesivir","severecrit","RWS",0,NA
169,"remdesivir","severecrit","RWS",0,NA
177,"remdesivir","severecrit","RWS",0,NA
179,"remdesivir","severecrit","RWS",0,NA
186,"remdesivir","severecrit","RWS",0,NA
188,"remdesivir","severecrit","RWS",0,NA
194,"remdesivir","severecrit","RWS",0,NA
205,"remdesivir","severecrit","RWS",0,NA
215,"remdesivir","severecrit","RWS",0,NA
220,"remdesivir","severecrit","RWS",0,NA
227,"remdesivir","severecrit","RWS",0,NA
228,"remdesivir","severecrit","RWS",0,NA
236,"remdesivir","severecrit","RWS",0,NA
242,"remdesivir","severecrit","RWS",0,NA
249,"remdesivir","severecrit","RWS",0,NA
256,"remdesivir","severecrit","RWS",0,NA
263,"remdesivir","severecrit","RWS",0,NA
269,"remdesivir","severecrit","RWS",51,51
278,"remdesivir","severecrit","RWS",51,NA
290,"remdesivir","severecrit","RWS",51,NA
297,"remdesivir","severecrit","RWS",51,NA
304,"remdesivir","severecrit","RWS",51,NA
311,"remdesivir","severecrit","RWS",51,NA
318,"remdesivir","severecrit","RWS",51,NA
325,"remdesivir","severecrit","RWS",51,NA
332,"remdesivir","severecrit","RWS",51,NA
339,"remdesivir","severecrit","RWS",51,NA
346,"remdesivir","severecrit","RWS",51,NA
353,"remdesivir","severecrit","RWS",51,NA
360,"remdesivir","severecrit","RWS",164,113
367,"remdesivir","severecrit","RWS",164,NA
374,"remdesivir","severecrit","RWS",164,NA
381,"remdesivir","severecrit","RWS",164,NA
388,"remdesivir","severecrit","RWS",164,NA
401,"remdesivir","severecrit","RWS",164,NA
422,"remdesivir","severecrit","RWS",164,NA
429,"remdesivir","severecrit","RWS",164,NA
457,"remdesivir","severecrit","RWS",164,NA
499,"remdesivir","severecrit","RWS",164,NA
527,"remdesivir","severecrit","RWS",164,NA
536,"remdesivir","severecrit","RWS",164,NA
569,"remdesivir","severecrit","RWS",164,NA
577,"remdesivir","severecrit","RWS",164,NA
604,"remdesivir","severecrit","RWS",216,52
611,"remdesivir","severecrit","RWS",216,NA
625,"remdesivir","severecrit","RWS",216,NA
639,"remdesivir","severecrit","RWS",216,NA
646,"remdesivir","severecrit","RWS",216,NA
653,"remdesivir","severecrit","RWS",216,NA
660,"remdesivir","severecrit","RWS",216,NA
667,"remdesivir","severecrit","RWS",216,NA
674,"remdesivir","severecrit","RWS",216,NA
682,"remdesivir","severecrit","RWS",14370,14154
688,"remdesivir","severecrit","RWS",14370,NA
702,"remdesivir","severecrit","RWS",14370,NA
709,"remdesivir","severecrit","RWS",14370,NA
751,"remdesivir","severecrit","RWS",24728,10358
793,"remdesivir","severecrit","RWS",24879,151
159,"tocilizumab","all","RCT",0,NA
169,"tocilizumab","all","RCT",0,NA
179,"tocilizumab","all","RCT",0,NA
187,"tocilizumab","all","RCT",0,NA
215,"tocilizumab","all","RCT",0,NA
220,"tocilizumab","all","RCT",0,NA
227,"tocilizumab","all","RCT",0,NA
236,"tocilizumab","all","RCT",0,NA
242,"tocilizumab","all","RCT",0,NA
263,"tocilizumab","all","RCT",0,NA
269,"tocilizumab","all","RCT",0,NA
278,"tocilizumab","all","RCT",0,NA
283,"tocilizumab","all","RCT",438,438
290,"tocilizumab","all","RCT",438,NA
297,"tocilizumab","all","RCT",438,NA
318,"tocilizumab","all","RCT",438,NA
325,"tocilizumab","all","RCT",438,NA
332,"tocilizumab","all","RCT",1310,872
339,"tocilizumab","all","RCT",1310,NA
346,"tocilizumab","all","RCT",1310,NA
353,"tocilizumab","all","RCT",1310,NA
360,"tocilizumab","all","RCT",1310,NA
367,"tocilizumab","all","RCT",1310,NA
374,"tocilizumab","all","RCT",1310,NA
381,"tocilizumab","all","RCT",1310,NA
408,"tocilizumab","all","RCT",1310,NA
422,"tocilizumab","all","RCT",1439,129
425,"tocilizumab","all","RCT",1439,NA
429,"tocilizumab","all","RCT",1439,NA
437,"tocilizumab","all","RCT",1439,NA
444,"tocilizumab","all","RCT",5555,4116
450,"tocilizumab","all","RCT",5555,NA
457,"tocilizumab","all","RCT",5555,NA
471,"tocilizumab","all","RCT",5734,179
478,"tocilizumab","all","RCT",5734,NA
492,"tocilizumab","all","RCT",5734,NA
499,"tocilizumab","all","RCT",5734,NA
513,"tocilizumab","all","RCT",5734,NA
520,"tocilizumab","all","RCT",5734,NA
527,"tocilizumab","all","RCT",5770,36
536,"tocilizumab","all","RCT",5770,NA
562,"tocilizumab","all","RCT",5770,NA
563,"tocilizumab","all","RCT",5770,NA
577,"tocilizumab","all","RCT",7168,1398
583,"tocilizumab","all","RCT",7168,NA
598,"tocilizumab","all","RCT",7168,NA
618,"tocilizumab","all","RCT",7168,NA
625,"tocilizumab","all","RCT",7168,NA
639,"tocilizumab","all","RCT",7168,NA
682,"tocilizumab","all","RCT",7808,640
688,"tocilizumab","all","RCT",7808,NA
730,"tocilizumab","all","RCT",7808,NA
737,"tocilizumab","all","RCT",7808,NA
758,"tocilizumab","all","RCT",7808,NA
789,"tocilizumab","all","RCT",7808,NA
793,"tocilizumab","all","RCT",7808,NA
808,"tocilizumab","all","RCT",8162,354
159,"tocilizumab","all","RWS",111,111
169,"tocilizumab","all","RWS",283,172
177,"tocilizumab","all","RWS",574,291
179,"tocilizumab","all","RWS",574,NA
186,"tocilizumab","all","RWS",1275,701
188,"tocilizumab","all","RWS",1340,65
194,"tocilizumab","all","RWS",3896,2556
205,"tocilizumab","all","RWS",3896,NA
215,"tocilizumab","all","RWS",4112,216
220,"tocilizumab","all","RWS",4112,NA
227,"tocilizumab","all","RWS",4112,NA
228,"tocilizumab","all","RWS",4212,100
236,"tocilizumab","all","RWS",4265,53
242,"tocilizumab","all","RWS",4629,364
249,"tocilizumab","all","RWS",4805,176
256,"tocilizumab","all","RWS",4856,51
263,"tocilizumab","all","RWS",4856,NA
269,"tocilizumab","all","RWS",5062,206
278,"tocilizumab","all","RWS",7242,2180
290,"tocilizumab","all","RWS",7748,506
297,"tocilizumab","all","RWS",7958,210
304,"tocilizumab","all","RWS",7958,NA
311,"tocilizumab","all","RWS",8183,225
318,"tocilizumab","all","RWS",8364,181
325,"tocilizumab","all","RWS",8364,NA
332,"tocilizumab","all","RWS",12288,3924
339,"tocilizumab","all","RWS",12288,NA
346,"tocilizumab","all","RWS",12288,NA
353,"tocilizumab","all","RWS",12288,NA
360,"tocilizumab","all","RWS",12384,96
367,"tocilizumab","all","RWS",13378,994
374,"tocilizumab","all","RWS",13378,NA
381,"tocilizumab","all","RWS",13378,NA
388,"tocilizumab","all","RWS",13378,NA
401,"tocilizumab","all","RWS",15316,1938
422,"tocilizumab","all","RWS",15316,NA
429,"tocilizumab","all","RWS",15480,164
457,"tocilizumab","all","RWS",15480,NA
499,"tocilizumab","all","RWS",18027,2547
527,"tocilizumab","all","RWS",18852,825
536,"tocilizumab","all","RWS",18852,NA
569,"tocilizumab","all","RWS",18852,NA
577,"tocilizumab","all","RWS",19394,542
604,"tocilizumab","all","RWS",19394,NA
611,"tocilizumab","all","RWS",19560,166
625,"tocilizumab","all","RWS",19935,375
639,"tocilizumab","all","RWS",19935,NA
646,"tocilizumab","all","RWS",19935,NA
653,"tocilizumab","all","RWS",19935,NA
660,"tocilizumab","all","RWS",20283,348
667,"tocilizumab","all","RWS",20283,NA
674,"tocilizumab","all","RWS",36809,16526
682,"tocilizumab","all","RWS",36809,NA
688,"tocilizumab","all","RWS",36948,139
702,"tocilizumab","all","RWS",37170,222
709,"tocilizumab","all","RWS",37170,NA
751,"tocilizumab","all","RWS",37170,NA
793,"tocilizumab","all","RWS",37170,NA
