"pandemicday","estimate","sevalue","class","severity","ymin","ymax"
164,0,5,"azithromycin","all",5.54515994321769e-05,18033.7449278285
173,0,5,"azithromycin","all",5.54515994321769e-05,18033.7449278285
178,0,5,"azithromycin","all",5.54515994321769e-05,18033.7449278285
182.5,0,5,"azithromycin","all",5.54515994321769e-05,18033.7449278285
186.5,0,5,"azithromycin","all",5.54515994321769e-05,18033.7449278285
187.5,0,5,"azithromycin","all",5.54515994321769e-05,18033.7449278285
191,0,5,"azithromycin","all",5.54515994321769e-05,18033.7449278285
199.5,0,5,"azithromycin","all",5.54515994321769e-05,18033.7449278285
210,0,5,"azithromycin","all",5.54515994321769e-05,18033.7449278285
217.5,0,5,"azithromycin","all",5.54515994321769e-05,18033.7449278285
223.5,0,5,"azithromycin","all",5.54515994321769e-05,18033.7449278285
227.5,0,5,"azithromycin","all",5.54515994321769e-05,18033.7449278285
232,0,5,"azithromycin","all",5.54515994321769e-05,18033.7449278285
239,0,5,"azithromycin","all",5.54515994321769e-05,18033.7449278285
245.5,0,5,"azithromycin","all",5.54515994321769e-05,18033.7449278285
252.5,0,5,"azithromycin","all",5.54515994321769e-05,18033.7449278285
259.5,0,5,"azithromycin","all",5.54515994321769e-05,18033.7449278285
266,0,5,"azithromycin","all",5.54515994321769e-05,18033.7449278285
273.5,0,5,"azithromycin","all",5.54515994321769e-05,18033.7449278285
280.5,-1.13465228965031,1.64399343617623,"azithromycin","all",0.012818325854934,8.06533174993551
286.5,-1.13465228965031,1.64399343617623,"azithromycin","all",0.012818325854934,8.06533174993551
293.5,0.0877631017940236,0.193360789447249,"azithromycin","all",0.747348219237265,1.59480305019438
300.5,0.0877631017940236,0.193360789447249,"azithromycin","all",0.747348219237265,1.59480305019438
307.5,0.0877631017940236,0.193360789447249,"azithromycin","all",0.747348219237265,1.59480305019438
314.5,0.0877631017940236,0.193360789447249,"azithromycin","all",0.747348219237265,1.59480305019438
321.5,0.0877631017940236,0.193360789447249,"azithromycin","all",0.747348219237265,1.59480305019438
328.5,0.0877631017940236,0.193360789447249,"azithromycin","all",0.747348219237265,1.59480305019438
335.5,0.0877631017940236,0.193360789447249,"azithromycin","all",0.747348219237265,1.59480305019438
342.5,0.0877631017940236,0.193360789447249,"azithromycin","all",0.747348219237265,1.59480305019438
349.5,0.0877631017940236,0.193360789447249,"azithromycin","all",0.747348219237265,1.59480305019438
356.5,0.0877631017940236,0.193360789447249,"azithromycin","all",0.747348219237265,1.59480305019438
363.5,0.0877631017940236,0.193360789447249,"azithromycin","all",0.747348219237265,1.59480305019438
370.5,0.0877631017940236,0.193360789447249,"azithromycin","all",0.747348219237265,1.59480305019438
377.5,0.0877631017940236,0.193360789447249,"azithromycin","all",0.747348219237265,1.59480305019438
384.5,0.010969209283991,0.0587165392125329,"azithromycin","all",0.901121475423002,1.134342997089
394.5,0.010969209283991,0.0587165392125329,"azithromycin","all",0.901121475423002,1.134342997089
404.5,0.010969209283991,0.0587165392125329,"azithromycin","all",0.901121475423002,1.134342997089
415,0.010969209283991,0.0587165392125329,"azithromycin","all",0.901121475423002,1.134342997089
423.5,0.010969209283991,0.0587165392125329,"azithromycin","all",0.901121475423002,1.134342997089
427,0.010969209283991,0.0587165392125329,"azithromycin","all",0.901121475423002,1.134342997089
433,0.010969209283991,0.0587165392125329,"azithromycin","all",0.901121475423002,1.134342997089
440.5,0.010969209283991,0.0587165392125329,"azithromycin","all",0.901121475423002,1.134342997089
447,0.010969209283991,0.0587165392125329,"azithromycin","all",0.901121475423002,1.134342997089
453.5,0.010969209283991,0.0587165392125329,"azithromycin","all",0.901121475423002,1.134342997089
464,0.010969209283991,0.0587165392125329,"azithromycin","all",0.901121475423002,1.134342997089
474.5,0.010969209283991,0.0587165392125329,"azithromycin","all",0.901121475423002,1.134342997089
485,0.010969209283991,0.0587165392125329,"azithromycin","all",0.901121475423002,1.134342997089
495.5,0.010969209283991,0.0587165392125329,"azithromycin","all",0.901121475423002,1.134342997089
506,0.010969209283991,0.0587165392125329,"azithromycin","all",0.901121475423002,1.134342997089
516.5,0.010969209283991,0.0587165392125329,"azithromycin","all",0.901121475423002,1.134342997089
523.5,0.0109740359260488,0.0586663425526214,"azithromycin","all",0.901214486858636,1.13423687427095
531.5,0.0109740359260488,0.0586663425526214,"azithromycin","all",0.901214486858636,1.13423687427095
549,0.0117105039932833,0.0586528263196079,"azithromycin","all",0.901902339727642,1.1350424414471
562.5,0.0117105039932833,0.0586528263196079,"azithromycin","all",0.901902339727642,1.1350424414471
566,0.0117105039932833,0.0586528263196079,"azithromycin","all",0.901902339727642,1.1350424414471
573,0.0117105039932833,0.0586528263196079,"azithromycin","all",0.901902339727642,1.1350424414471
580,0.0117105039932833,0.0586528263196079,"azithromycin","all",0.901902339727642,1.1350424414471
590.5,0.0117105039932833,0.0586528263196079,"azithromycin","all",0.901902339727642,1.1350424414471
601,0.0117105039932833,0.0586528263196079,"azithromycin","all",0.901902339727642,1.1350424414471
607.5,0.0117105039932833,0.0586528263196079,"azithromycin","all",0.901902339727642,1.1350424414471
614.5,0.0117105039932833,0.0586528263196079,"azithromycin","all",0.901902339727642,1.1350424414471
621.5,0.0117105039932833,0.0586528263196079,"azithromycin","all",0.901902339727642,1.1350424414471
632,0.0116343568779096,0.0586277406408162,"azithromycin","all",0.901878007465852,1.13490021246346
642.5,0.0116343568779096,0.0586277406408162,"azithromycin","all",0.901878007465852,1.13490021246346
649.5,0.0116343568779096,0.0586277406408162,"azithromycin","all",0.901878007465852,1.13490021246346
656.5,0.0116343568779096,0.0586277406408162,"azithromycin","all",0.901878007465852,1.13490021246346
663.5,0.0116343568779096,0.0586277406408162,"azithromycin","all",0.901878007465852,1.13490021246346
670.5,0.0116343568779096,0.0586277406408162,"azithromycin","all",0.901878007465852,1.13490021246346
678,0.0116343568779096,0.0586277406408162,"azithromycin","all",0.901878007465852,1.13490021246346
685,0.0116343568779096,0.0586277406408162,"azithromycin","all",0.901878007465852,1.13490021246346
695,0.0116343568779096,0.0586277406408162,"azithromycin","all",0.901878007465852,1.13490021246346
705.5,0.0116343568779096,0.0586277406408162,"azithromycin","all",0.901878007465852,1.13490021246346
719.5,0.0116343568779096,0.0586277406408162,"azithromycin","all",0.901878007465852,1.13490021246346
733.5,0.0116343568779096,0.0586277406408162,"azithromycin","all",0.901878007465852,1.13490021246346
744,0.0116343568779096,0.0586277406408162,"azithromycin","all",0.901878007465852,1.13490021246346
754.5,0.0116343568779096,0.0586277406408162,"azithromycin","all",0.901878007465852,1.13490021246346
773.5,0.0116343568779096,0.0586277406408162,"azithromycin","all",0.901878007465852,1.13490021246346
791,0.0116343568779096,0.0586277406408162,"azithromycin","all",0.901878007465852,1.13490021246346
800.5,0.0116343568779096,0.0586277406408162,"azithromycin","all",0.901878007465852,1.13490021246346
809,0.0116343568779096,0.0586277406408162,"azithromycin","all",0.901878007465852,1.13490021246346
164,0,5,"convalescentplasma","all",5.54515994321769e-05,18033.7449278285
173,0,5,"convalescentplasma","all",5.54515994321769e-05,18033.7449278285
178,0,5,"convalescentplasma","all",5.54515994321769e-05,18033.7449278285
182.5,0,5,"convalescentplasma","all",5.54515994321769e-05,18033.7449278285
186.5,0,5,"convalescentplasma","all",5.54515994321769e-05,18033.7449278285
187.5,-0.494550825882178,0.540216941475611,"convalescentplasma","all",0.211532626247706,1.7581715542685
191,-0.494550825882178,0.540216941475611,"convalescentplasma","all",0.211532626247706,1.7581715542685
199.5,-0.494550825882178,0.540216941475611,"convalescentplasma","all",0.211532626247706,1.7581715542685
210,-0.494550825882178,0.540216941475611,"convalescentplasma","all",0.211532626247706,1.7581715542685
217.5,-0.494550825882178,0.540216941475611,"convalescentplasma","all",0.211532626247706,1.7581715542685
223.5,-0.358782617745454,0.449465781204908,"convalescentplasma","all",0.289460756031605,1.68568214113482
227.5,-0.358782617745454,0.449465781204908,"convalescentplasma","all",0.289460756031605,1.68568214113482
232,-0.358782617745454,0.449465781204908,"convalescentplasma","all",0.289460756031605,1.68568214113482
239,-0.358782617745454,0.449465781204908,"convalescentplasma","all",0.289460756031605,1.68568214113482
245.5,-0.358782617745454,0.449465781204908,"convalescentplasma","all",0.289460756031605,1.68568214113482
252.5,-0.358782617745454,0.449465781204908,"convalescentplasma","all",0.289460756031605,1.68568214113482
259.5,-0.358782617745454,0.449465781204908,"convalescentplasma","all",0.289460756031605,1.68568214113482
266,-0.358782617745454,0.449465781204908,"convalescentplasma","all",0.289460756031605,1.68568214113482
273.5,-0.358782617745454,0.449465781204908,"convalescentplasma","all",0.289460756031605,1.68568214113482
280.5,-0.506718844878371,0.430735869657325,"convalescentplasma","all",0.258991211728954,1.40147248606031
286.5,-0.506718844878371,0.430735869657325,"convalescentplasma","all",0.258991211728954,1.40147248606031
293.5,-0.116439025364158,0.234913982906066,"convalescentplasma","all",0.561653351394933,1.41056788853581
300.5,-0.116439025364158,0.234913982906066,"convalescentplasma","all",0.561653351394933,1.41056788853581
307.5,-0.116439025364158,0.234913982906066,"convalescentplasma","all",0.561653351394933,1.41056788853581
314.5,-0.116439025364158,0.234913982906066,"convalescentplasma","all",0.561653351394933,1.41056788853581
321.5,-0.116439025364158,0.234913982906066,"convalescentplasma","all",0.561653351394933,1.41056788853581
328.5,-0.116439025364158,0.234913982906066,"convalescentplasma","all",0.561653351394933,1.41056788853581
335.5,-0.116439025364158,0.234913983256057,"convalescentplasma","all",0.561653351009648,1.41056788950344
342.5,-0.0646221336226707,0.230696613761801,"convalescentplasma","all",0.596433518321115,1.47335664449308
349.5,-0.0864880392877073,0.226971516914764,"convalescentplasma","all",0.587809588599021,1.43100376824426
356.5,-0.0864880392877073,0.226971516914764,"convalescentplasma","all",0.587809588599021,1.43100376824426
363.5,-0.125873012031494,0.219792881645996,"convalescentplasma","all",0.573116045515527,1.35651788269162
370.5,-0.15350064850651,0.176762397285829,"convalescentplasma","all",0.606557986240748,1.21282657791514
377.5,-0.15350064850651,0.176762397285829,"convalescentplasma","all",0.606557986240748,1.21282657791514
384.5,-0.15350064850651,0.176762397285829,"convalescentplasma","all",0.606557986240748,1.21282657791514
394.5,-0.15350064850651,0.176762397285829,"convalescentplasma","all",0.606557986240748,1.21282657791514
404.5,-0.15350064850651,0.176762397285829,"convalescentplasma","all",0.606557986240748,1.21282657791514
415,-0.15350064850651,0.176762397285829,"convalescentplasma","all",0.606557986240748,1.21282657791514
423.5,-0.15350064850651,0.176762397285829,"convalescentplasma","all",0.606557986240748,1.21282657791514
427,-0.15350064850651,0.176762397285829,"convalescentplasma","all",0.606557986240748,1.21282657791514
433,-0.15350064850651,0.176762397285829,"convalescentplasma","all",0.606557986240748,1.21282657791514
440.5,-0.15350064850651,0.176762397285829,"convalescentplasma","all",0.606557986240748,1.21282657791514
447,-0.15350064850651,0.176762397285829,"convalescentplasma","all",0.606557986240748,1.21282657791514
453.5,-0.15350064850651,0.176762397285829,"convalescentplasma","all",0.606557986240748,1.21282657791514
464,-0.15350064850651,0.176762397285829,"convalescentplasma","all",0.606557986240748,1.21282657791514
474.5,-0.0230114327271871,0.0426104672329802,"convalescentplasma","all",0.898949923504756,1.06237299765109
485,-0.0319575563147379,0.0423539734772622,"convalescentplasma","all",0.891391686966722,1.05238206885293
495.5,-0.0319575563147379,0.0423539734772622,"convalescentplasma","all",0.891391686966722,1.05238206885293
506,-0.0326035706902881,0.0423421319219444,"convalescentplasma","all",0.890836696675362,1.05167802530816
516.5,-0.0329539293273664,0.0422749443035036,"convalescentplasma","all",0.890641917905753,1.05117118990337
523.5,-0.0329539293273664,0.0422749443035036,"convalescentplasma","all",0.890641917905753,1.05117118990337
531.5,-0.0329539293273664,0.0422749443035036,"convalescentplasma","all",0.890641917905753,1.05117118990337
549,-0.0340483488606784,0.0421553265936456,"convalescentplasma","all",0.889876322865911,1.04977524750567
562.5,-0.0340483488606784,0.0421553265936456,"convalescentplasma","all",0.889876322865911,1.04977524750567
566,-0.0234366569386821,0.0389832662729536,"convalescentplasma","all",0.904978711436321,1.05439858730549
573,-0.0234366569386821,0.0389832662729536,"convalescentplasma","all",0.904978711436321,1.05439858730549
580,-0.0234366569386821,0.0389832662729536,"convalescentplasma","all",0.904978711436321,1.05439858730549
590.5,-0.0151625550053805,0.0380060734003612,"convalescentplasma","all",0.914247040653018,1.06112466339352
601,-0.0115014993980223,0.0378393255128992,"convalescentplasma","all",0.91790022888187,1.06466860168151
607.5,-0.0115014993980223,0.0378393255128992,"convalescentplasma","all",0.91790022888187,1.06466860168151
614.5,-0.0115014993980223,0.0378393255128992,"convalescentplasma","all",0.91790022888187,1.06466860168151
621.5,-0.0115014993980223,0.0378393255128992,"convalescentplasma","all",0.91790022888187,1.06466860168151
632,-0.0102109525340404,0.0377351246411204,"convalescentplasma","all",0.919273314286679,1.06582579361216
642.5,-0.00953488772344956,0.0377124595533682,"convalescentplasma","all",0.919935878686358,1.06649922579795
649.5,-0.00953488772344956,0.0377124595533682,"convalescentplasma","all",0.919935878686358,1.06649922579795
656.5,-0.00953488772344956,0.0377124595533682,"convalescentplasma","all",0.919935878686358,1.06649922579795
663.5,-0.00953488772344956,0.0377124595533682,"convalescentplasma","all",0.919935878686358,1.06649922579795
670.5,-0.00953488772344956,0.0377124595533682,"convalescentplasma","all",0.919935878686358,1.06649922579795
678,-0.00953488772344956,0.0377124595533682,"convalescentplasma","all",0.919935878686358,1.06649922579795
685,-0.00953488772344956,0.0377124595533682,"convalescentplasma","all",0.919935878686358,1.06649922579795
695,-0.00953488772344956,0.0377124595533682,"convalescentplasma","all",0.919935878686358,1.06649922579795
705.5,-0.00953488772344956,0.0377124595533682,"convalescentplasma","all",0.919935878686358,1.06649922579795
719.5,-0.00953488772344956,0.0377124595533682,"convalescentplasma","all",0.919935878686358,1.06649922579795
733.5,-0.0135514398247151,0.0376719411582494,"convalescentplasma","all",0.916321086611116,1.06213981303373
744,-0.0164355437716609,0.0374728334804934,"convalescentplasma","all",0.914038763684968,1.05866767783496
754.5,-0.0164355437716609,0.0374728334804934,"convalescentplasma","all",0.914038763684968,1.05866767783496
773.5,-0.0176246608275391,0.0374613454687662,"convalescentplasma","all",0.912973067299747,1.05738573732672
791,-0.0176246608275391,0.0374613454687662,"convalescentplasma","all",0.912973067299747,1.05738573732672
800.5,-0.0185455399045368,0.0373500542853006,"convalescentplasma","all",0.912331702361821,1.05618205024895
809,-0.0185455399045368,0.0373500542853006,"convalescentplasma","all",0.912331702361821,1.05618205024895
164,0,5,"cort","mildmod",5.54515994321769e-05,18033.7449278285
173,0,5,"cort","mildmod",5.54515994321769e-05,18033.7449278285
178,0,5,"cort","mildmod",5.54515994321769e-05,18033.7449278285
182.5,0,5,"cort","mildmod",5.54515994321769e-05,18033.7449278285
186.5,0,5,"cort","mildmod",5.54515994321769e-05,18033.7449278285
187.5,0,5,"cort","mildmod",5.54515994321769e-05,18033.7449278285
191,0,5,"cort","mildmod",5.54515994321769e-05,18033.7449278285
199.5,0,5,"cort","mildmod",5.54515994321769e-05,18033.7449278285
210,0,5,"cort","mildmod",5.54515994321769e-05,18033.7449278285
217.5,0.291040926918094,0.15027524486905,"cort","mildmod",0.996507559780655,1.79603311312389
223.5,0.291040926918094,0.15027524486905,"cort","mildmod",0.996507559780655,1.79603311312389
227.5,0.291040926918094,0.15027524486905,"cort","mildmod",0.996507559780655,1.79603311312389
232,0.291040926918094,0.15027524486905,"cort","mildmod",0.996507559780655,1.79603311312389
239,0.291040926918094,0.15027524486905,"cort","mildmod",0.996507559780655,1.79603311312389
245.5,0.291040926918094,0.15027524486905,"cort","mildmod",0.996507559780655,1.79603311312389
252.5,0.291040926918094,0.15027524486905,"cort","mildmod",0.996507559780655,1.79603311312389
259.5,0.291040926918094,0.15027524486905,"cort","mildmod",0.996507559780655,1.79603311312389
266,0.291266462580206,0.149858670811889,"cort","mildmod",0.997546482594995,1.79497206181655
273.5,0.291266462580206,0.149858670811889,"cort","mildmod",0.997546482594995,1.79497206181655
280.5,0.291266462580206,0.149858670811889,"cort","mildmod",0.997546482594995,1.79497206181655
286.5,0.291266462580206,0.149858670811889,"cort","mildmod",0.997546482594995,1.79497206181655
293.5,0.291266462580206,0.149858670811889,"cort","mildmod",0.997546482594995,1.79497206181655
300.5,0.291266462580206,0.149858670811889,"cort","mildmod",0.997546482594995,1.79497206181655
307.5,0.291266462580206,0.149858670811889,"cort","mildmod",0.997546482594995,1.79497206181655
314.5,0.291266462580206,0.149858670811889,"cort","mildmod",0.997546482594995,1.79497206181655
321.5,0.291266462580206,0.149858670811889,"cort","mildmod",0.997546482594995,1.79497206181655
328.5,0.291266462580206,0.149858670811889,"cort","mildmod",0.997546482594995,1.79497206181655
335.5,0.291266462580206,0.149858670811889,"cort","mildmod",0.997546482594995,1.79497206181655
342.5,0.291266462580206,0.149858670811889,"cort","mildmod",0.997546482594995,1.79497206181655
349.5,0.291266462580206,0.149858670811889,"cort","mildmod",0.997546482594995,1.79497206181655
356.5,0.291266462580206,0.149858670811889,"cort","mildmod",0.997546482594995,1.79497206181655
363.5,0.291266462580206,0.149858670811889,"cort","mildmod",0.997546482594995,1.79497206181655
370.5,0.291266462580206,0.149858670811889,"cort","mildmod",0.997546482594995,1.79497206181655
377.5,0.291266462580206,0.149858670811889,"cort","mildmod",0.997546482594995,1.79497206181655
384.5,0.291266462580206,0.149858670811889,"cort","mildmod",0.997546482594995,1.79497206181655
394.5,0.291266462580206,0.149858670811889,"cort","mildmod",0.997546482594995,1.79497206181655
404.5,0.291266462580206,0.149858670811889,"cort","mildmod",0.997546482594995,1.79497206181655
415,0.291266462580206,0.149858670811889,"cort","mildmod",0.997546482594995,1.79497206181655
423.5,0.291266462580206,0.149858670811889,"cort","mildmod",0.997546482594995,1.79497206181655
427,0.291266462580206,0.149858670811889,"cort","mildmod",0.997546482594995,1.79497206181655
433,0.290388622867612,0.149448665415958,"cort","mildmod",0.997472438329058,1.79195644154343
440.5,0.290388622867612,0.149448665415958,"cort","mildmod",0.997472438329058,1.79195644154343
447,0.290388622867612,0.149448665415958,"cort","mildmod",0.997472438329058,1.79195644154343
453.5,0.290388622867612,0.149448665415958,"cort","mildmod",0.997472438329058,1.79195644154343
464,0.290388622867612,0.149448665415958,"cort","mildmod",0.997472438329058,1.79195644154343
474.5,0.290388622867612,0.149448665415958,"cort","mildmod",0.997472438329058,1.79195644154343
485,0.290388622867612,0.149448665415958,"cort","mildmod",0.997472438329058,1.79195644154343
495.5,0.290388622867612,0.149448665415958,"cort","mildmod",0.997472438329058,1.79195644154343
506,0.290388622867612,0.149448665415958,"cort","mildmod",0.997472438329058,1.79195644154343
516.5,0.290388622867612,0.149448665415958,"cort","mildmod",0.997472438329058,1.79195644154343
523.5,0.290388622867612,0.149448665415958,"cort","mildmod",0.997472438329058,1.79195644154343
531.5,0.290388622867612,0.149448665415958,"cort","mildmod",0.997472438329058,1.79195644154343
549,0.290388622867612,0.149448665415958,"cort","mildmod",0.997472438329058,1.79195644154343
562.5,0.290388622867612,0.149448665415958,"cort","mildmod",0.997472438329058,1.79195644154343
566,0.290388622867612,0.149448665415958,"cort","mildmod",0.997472438329058,1.79195644154343
573,0.290388622867612,0.149448665415958,"cort","mildmod",0.997472438329058,1.79195644154343
580,0.290388622867612,0.149448665415958,"cort","mildmod",0.997472438329058,1.79195644154343
590.5,0.290388622867612,0.149448665415958,"cort","mildmod",0.997472438329058,1.79195644154343
601,0.290388622867612,0.149448665415958,"cort","mildmod",0.997472438329058,1.79195644154343
607.5,0.290388622867612,0.149448665415958,"cort","mildmod",0.997472438329058,1.79195644154343
614.5,0.290388622867612,0.149448665415958,"cort","mildmod",0.997472438329058,1.79195644154343
621.5,0.290388622867612,0.149448665415958,"cort","mildmod",0.997472438329058,1.79195644154343
632,0.290388622867612,0.149448665415958,"cort","mildmod",0.997472438329058,1.79195644154343
642.5,0.290388622867612,0.149448665415958,"cort","mildmod",0.997472438329058,1.79195644154343
649.5,0.290388622867612,0.149448665415958,"cort","mildmod",0.997472438329058,1.79195644154343
656.5,0.290388622867612,0.149448665415958,"cort","mildmod",0.997472438329058,1.79195644154343
663.5,0.290388622867612,0.149448665415958,"cort","mildmod",0.997472438329058,1.79195644154343
670.5,0.290388622867612,0.149448665415958,"cort","mildmod",0.997472438329058,1.79195644154343
678,0.290388622867612,0.149448665415958,"cort","mildmod",0.997472438329058,1.79195644154343
685,0.290388622867612,0.149448665415958,"cort","mildmod",0.997472438329058,1.79195644154343
695,0.290388622867612,0.149448665415958,"cort","mildmod",0.997472438329058,1.79195644154343
705.5,0.290388622867612,0.149448665415958,"cort","mildmod",0.997472438329058,1.79195644154343
719.5,0.290388622867612,0.149448665415958,"cort","mildmod",0.997472438329058,1.79195644154343
733.5,0.290388622867612,0.149448665415958,"cort","mildmod",0.997472438329058,1.79195644154343
744,0.290388622867612,0.149448665415958,"cort","mildmod",0.997472438329058,1.79195644154343
754.5,0.290388622867612,0.149448665415958,"cort","mildmod",0.997472438329058,1.79195644154343
773.5,0.290388622867612,0.149448665415958,"cort","mildmod",0.997472438329058,1.79195644154343
791,0.290388622867612,0.149448665415958,"cort","mildmod",0.997472438329058,1.79195644154343
800.5,0.290388622867612,0.149448665415958,"cort","mildmod",0.997472438329058,1.79195644154343
809,0.290388622867612,0.149448665415958,"cort","mildmod",0.997472438329058,1.79195644154343
164,0,5,"cort","moderate",5.54515994321769e-05,18033.7449278285
173,0,5,"cort","moderate",5.54515994321769e-05,18033.7449278285
178,0,5,"cort","moderate",5.54515994321769e-05,18033.7449278285
182.5,0,5,"cort","moderate",5.54515994321769e-05,18033.7449278285
186.5,0,5,"cort","moderate",5.54515994321769e-05,18033.7449278285
187.5,0,5,"cort","moderate",5.54515994321769e-05,18033.7449278285
191,0,5,"cort","moderate",5.54515994321769e-05,18033.7449278285
199.5,0,5,"cort","moderate",5.54515994321769e-05,18033.7449278285
210,0,5,"cort","moderate",5.54515994321769e-05,18033.7449278285
217.5,-0.194314736225686,0.0817472437277154,"cort","moderate",0.701496524432201,0.966484383239775
223.5,-0.194314736225686,0.0817472437277154,"cort","moderate",0.701496524432201,0.966484383239775
227.5,-0.194314736225686,0.0817472437277154,"cort","moderate",0.701496524432201,0.966484383239775
232,-0.194314736225686,0.0817472437277154,"cort","moderate",0.701496524432201,0.966484383239775
239,-0.194314736225686,0.0817472437277154,"cort","moderate",0.701496524432201,0.966484383239775
245.5,-0.194314736225686,0.0817472437277154,"cort","moderate",0.701496524432201,0.966484383239775
252.5,-0.194314736225686,0.0817472437277154,"cort","moderate",0.701496524432201,0.966484383239775
259.5,-0.194314736225686,0.0817472437277154,"cort","moderate",0.701496524432201,0.966484383239775
266,-0.194314736225686,0.0817472437277154,"cort","moderate",0.701496524432201,0.966484383239775
273.5,-0.194314736225686,0.0817472437277153,"cort","moderate",0.701496524432201,0.966484383239775
280.5,-0.194314736225686,0.0817472437277154,"cort","moderate",0.701496524432201,0.966484383239775
286.5,-0.194314736225686,0.0817472437277154,"cort","moderate",0.701496524432201,0.966484383239775
293.5,-0.194314736225686,0.0817472437277154,"cort","moderate",0.701496524432201,0.966484383239775
300.5,-0.20509681610752,0.0815379407343986,"cort","moderate",0.694258312199684,0.955727496306867
307.5,-0.20509681610752,0.0815379407343986,"cort","moderate",0.694258312199684,0.955727496306867
314.5,-0.20509681610752,0.0815379407343986,"cort","moderate",0.694258312199684,0.955727496306867
321.5,-0.20509681610752,0.0815379407343986,"cort","moderate",0.694258312199684,0.955727496306867
328.5,-0.20509681610752,0.0815379407343986,"cort","moderate",0.694258312199684,0.955727496306867
335.5,-0.20509681610752,0.0815379407343986,"cort","moderate",0.694258312199684,0.955727496306867
342.5,-0.20509681610752,0.0815379407343986,"cort","moderate",0.694258312199684,0.955727496306867
349.5,-0.20509681610752,0.0815379407343986,"cort","moderate",0.694258312199684,0.955727496306867
356.5,-0.20509681610752,0.0815379407343986,"cort","moderate",0.694258312199684,0.955727496306867
363.5,-0.20509681610752,0.0815379407343986,"cort","moderate",0.694258312199684,0.955727496306867
370.5,-0.20509681610752,0.0815379407343986,"cort","moderate",0.694258312199684,0.955727496306867
377.5,-0.20509681610752,0.0815379407343986,"cort","moderate",0.694258312199684,0.955727496306867
384.5,-0.20509681610752,0.0815379407343986,"cort","moderate",0.694258312199684,0.955727496306867
394.5,-0.20509681610752,0.0815379407343986,"cort","moderate",0.694258312199684,0.955727496306867
404.5,-0.20509681610752,0.0815379407343986,"cort","moderate",0.694258312199684,0.955727496306867
415,-0.20509681610752,0.0815379407343986,"cort","moderate",0.694258312199684,0.955727496306867
423.5,-0.20509681610752,0.0815379407343986,"cort","moderate",0.694258312199684,0.955727496306867
427,-0.20509681610752,0.0815379407343986,"cort","moderate",0.694258312199684,0.955727496306867
433,-0.20509681610752,0.0815379407343986,"cort","moderate",0.694258312199684,0.955727496306867
440.5,-0.199063067022833,0.0809005035620438,"cort","moderate",0.699333140799596,0.960311008267188
447,-0.199063067022833,0.0809005035620438,"cort","moderate",0.699333140799596,0.960311008267188
453.5,-0.199063067022833,0.0809005035620438,"cort","moderate",0.699333140799596,0.960311008267188
464,-0.199063067022834,0.0809005036092021,"cort","moderate",0.699333140734956,0.960311008355949
474.5,-0.199063067022834,0.0809005036092021,"cort","moderate",0.699333140734956,0.960311008355949
485,-0.199063067022834,0.0809005036092021,"cort","moderate",0.699333140734956,0.960311008355949
495.5,-0.199063067022834,0.0809005036092021,"cort","moderate",0.699333140734956,0.960311008355949
506,-0.199063067022833,0.0809005035620438,"cort","moderate",0.699333140799596,0.960311008267188
516.5,-0.199063067022833,0.0809005035620438,"cort","moderate",0.699333140799596,0.960311008267188
523.5,-0.199063067022833,0.0809005035620438,"cort","moderate",0.699333140799596,0.960311008267188
531.5,-0.199063067022833,0.0809005035620438,"cort","moderate",0.699333140799596,0.960311008267188
549,-0.199063067022834,0.0809005036092021,"cort","moderate",0.699333140734956,0.960311008355949
562.5,-0.199063067022834,0.0809005036092021,"cort","moderate",0.699333140734956,0.960311008355949
566,-0.199063067022833,0.0809005035620438,"cort","moderate",0.699333140799596,0.960311008267188
573,-0.199063067022833,0.0809005035620438,"cort","moderate",0.699333140799596,0.960311008267188
580,-0.199063067022833,0.0809005035620438,"cort","moderate",0.699333140799596,0.960311008267188
590.5,-0.199063067022834,0.0809005036092021,"cort","moderate",0.699333140734956,0.960311008355949
601,-0.199063067022834,0.0809005036092021,"cort","moderate",0.699333140734956,0.960311008355949
607.5,-0.199063067022834,0.0809005036092021,"cort","moderate",0.699333140734956,0.960311008355949
614.5,-0.199063067022834,0.0809005036092021,"cort","moderate",0.699333140734956,0.960311008355949
621.5,-0.199063067022834,0.0809005036092021,"cort","moderate",0.699333140734956,0.960311008355949
632,-0.199063067022833,0.0809005035620438,"cort","moderate",0.699333140799596,0.960311008267188
642.5,-0.199063067022834,0.0809005036092021,"cort","moderate",0.699333140734956,0.960311008355949
649.5,-0.199063067022834,0.0809005036092021,"cort","moderate",0.699333140734956,0.960311008355949
656.5,-0.199063067022834,0.0809005036092021,"cort","moderate",0.699333140734956,0.960311008355949
663.5,-0.199063067022834,0.0809005036092021,"cort","moderate",0.699333140734956,0.960311008355949
670.5,-0.199063067022834,0.0809005036092021,"cort","moderate",0.699333140734956,0.960311008355949
678,-0.199063067022834,0.0809005036092021,"cort","moderate",0.699333140734956,0.960311008355949
685,-0.199063067022834,0.0809005036092021,"cort","moderate",0.699333140734956,0.960311008355949
695,-0.199063067022834,0.0809005036092021,"cort","moderate",0.699333140734956,0.960311008355949
705.5,-0.199063067022834,0.0809005036092021,"cort","moderate",0.699333140734956,0.960311008355949
719.5,-0.199063067022834,0.0809005036092021,"cort","moderate",0.699333140734956,0.960311008355949
733.5,-0.199063067022834,0.0809005036092021,"cort","moderate",0.699333140734956,0.960311008355949
744,-0.199063067022833,0.0809005035620438,"cort","moderate",0.699333140799596,0.960311008267188
754.5,-0.199063067022833,0.0809005035620438,"cort","moderate",0.699333140799596,0.960311008267188
773.5,-0.199063067022834,0.0809005036092021,"cort","moderate",0.699333140734956,0.960311008355949
791,-0.199063067022834,0.0809005036092021,"cort","moderate",0.699333140734956,0.960311008355949
800.5,-0.199063067022834,0.0809005036092021,"cort","moderate",0.699333140734956,0.960311008355949
809,-0.199063067022834,0.0809005036092021,"cort","moderate",0.699333140734956,0.960311008355949
164,0,5,"cort","severecrit",5.54515994321769e-05,18033.7449278285
173,0,5,"cort","severecrit",5.54515994321769e-05,18033.7449278285
178,0,5,"cort","severecrit",5.54515994321769e-05,18033.7449278285
182.5,0,5,"cort","severecrit",5.54515994321769e-05,18033.7449278285
186.5,0,5,"cort","severecrit",5.54515994321769e-05,18033.7449278285
187.5,0,5,"cort","severecrit",5.54515994321769e-05,18033.7449278285
191,0,5,"cort","severecrit",5.54515994321769e-05,18033.7449278285
199.5,0,5,"cort","severecrit",5.54515994321769e-05,18033.7449278285
210,0,5,"cort","severecrit",5.54515994321769e-05,18033.7449278285
217.5,-0.518518566018529,0.145094389701501,"cort","severecrit",0.448026198342679,0.7912561269258
223.5,-0.518518566018529,0.145094389701501,"cort","severecrit",0.448026198342679,0.7912561269258
227.5,-0.518518566018529,0.145094389701501,"cort","severecrit",0.448026198342679,0.7912561269258
232,-0.518518566018529,0.145094389701501,"cort","severecrit",0.448026198342679,0.7912561269258
239,-0.518518566018529,0.145094389701501,"cort","severecrit",0.448026198342679,0.7912561269258
245.5,-0.518518566018529,0.145094389701501,"cort","severecrit",0.448026198342679,0.7912561269258
252.5,-0.518518566018529,0.145094389701501,"cort","severecrit",0.448026198342679,0.7912561269258
259.5,-0.518518566018529,0.145094389701501,"cort","severecrit",0.448026198342679,0.7912561269258
266,-0.461138348130578,0.129523260123678,"cort","severecrit",0.489190185374803,0.812797922379989
273.5,-0.461138348130578,0.129523260123678,"cort","severecrit",0.489190185374803,0.812797922379989
280.5,-0.461138348130578,0.129523260123678,"cort","severecrit",0.489190185374803,0.812797922379989
286.5,-0.413518858155555,0.101391581467968,"cort","severecrit",0.542131678475669,0.806709735766802
293.5,-0.413518858155555,0.101391581467968,"cort","severecrit",0.542131678475669,0.806709735766802
300.5,-0.430378430112598,0.101045913495893,"cort","severecrit",0.53342946938764,0.792685731114935
307.5,-0.430378430112598,0.101045913495893,"cort","severecrit",0.53342946938764,0.792685731114935
314.5,-0.430378430112598,0.101045913495893,"cort","severecrit",0.53342946938764,0.792685731114935
321.5,-0.430378430112598,0.101045913495893,"cort","severecrit",0.53342946938764,0.792685731114935
328.5,-0.430378430112598,0.101045913495893,"cort","severecrit",0.53342946938764,0.792685731114935
335.5,-0.430378430112598,0.101045913543521,"cort","severecrit",0.533429469337844,0.792685731188933
342.5,-0.430378430112598,0.101045913543521,"cort","severecrit",0.533429469337844,0.792685731188933
349.5,-0.430378430112598,0.101045913543521,"cort","severecrit",0.533429469337844,0.792685731188933
356.5,-0.430378430112598,0.101045913543521,"cort","severecrit",0.533429469337844,0.792685731188933
363.5,-0.430378430112598,0.101045913543521,"cort","severecrit",0.533429469337844,0.792685731188933
370.5,-0.430378430112598,0.101045913543521,"cort","severecrit",0.533429469337844,0.792685731188933
377.5,-0.430378430112598,0.101045913543521,"cort","severecrit",0.533429469337844,0.792685731188933
384.5,-0.430378430112598,0.101045913543521,"cort","severecrit",0.533429469337844,0.792685731188933
394.5,-0.430378430112598,0.101045913543521,"cort","severecrit",0.533429469337844,0.792685731188933
404.5,-0.430378430112598,0.101045913543521,"cort","severecrit",0.533429469337844,0.792685731188933
415,-0.430378430112598,0.101045913543521,"cort","severecrit",0.533429469337844,0.792685731188933
423.5,-0.430378430112598,0.101045913543521,"cort","severecrit",0.533429469337844,0.792685731188933
427,-0.430378430112598,0.101045913543521,"cort","severecrit",0.533429469337844,0.792685731188933
433,-0.433556903999112,0.100859874463369,"cort","severecrit",0.53193059538842,0.78988212773589
440.5,-0.433556903999112,0.100859874463369,"cort","severecrit",0.53193059538842,0.78988212773589
447,-0.433556903999112,0.100859874463369,"cort","severecrit",0.53193059538842,0.78988212773589
453.5,-0.416040065941857,0.0993852371704374,"cort","severecrit",0.542897289456265,0.801520282891188
464,-0.416040065941857,0.0993852370816204,"cort","severecrit",0.542897289550773,0.801520282751658
474.5,-0.416040065941857,0.0993852370816204,"cort","severecrit",0.542897289550773,0.801520282751658
485,-0.416040065941857,0.0993852370752627,"cort","severecrit",0.542897289557538,0.80152028274167
495.5,-0.416040065941857,0.0993852370752627,"cort","severecrit",0.542897289557538,0.80152028274167
506,-0.416040065941857,0.0993852371767951,"cort","severecrit",0.5428972894495,0.801520282901176
516.5,-0.416040065941857,0.0993852370752627,"cort","severecrit",0.542897289557538,0.80152028274167
523.5,-0.416040065941857,0.0993852370752627,"cort","severecrit",0.542897289557538,0.80152028274167
531.5,-0.416040065941857,0.0993852370752627,"cort","severecrit",0.542897289557538,0.80152028274167
549,-0.416040065941857,0.0993852370752627,"cort","severecrit",0.542897289557538,0.80152028274167
562.5,-0.416040065941857,0.0993852370752627,"cort","severecrit",0.542897289557538,0.80152028274167
566,-0.416040065941857,0.0993852371704374,"cort","severecrit",0.542897289456265,0.801520282891188
573,-0.416040065941857,0.0993852371704374,"cort","severecrit",0.542897289456265,0.801520282891188
580,-0.39654690187539,0.0988127690618067,"cort","severecrit",0.554205385363096,0.81638120140812
590.5,-0.39654690187539,0.0988127690618066,"cort","severecrit",0.554205385363096,0.81638120140812
601,-0.39654690187539,0.0988127690618067,"cort","severecrit",0.554205385363096,0.81638120140812
607.5,-0.39654690187539,0.0988127690618067,"cort","severecrit",0.554205385363096,0.81638120140812
614.5,-0.39654690187539,0.0988127690618067,"cort","severecrit",0.554205385363096,0.81638120140812
621.5,-0.39654690187539,0.0988127690618067,"cort","severecrit",0.554205385363096,0.81638120140812
632,-0.39654690187539,0.0988127690618067,"cort","severecrit",0.554205385363096,0.81638120140812
642.5,-0.39654690187539,0.0988127690618067,"cort","severecrit",0.554205385363096,0.81638120140812
649.5,-0.39654690187539,0.0988127690618067,"cort","severecrit",0.554205385363096,0.81638120140812
656.5,-0.39654690187539,0.0988127690618067,"cort","severecrit",0.554205385363096,0.81638120140812
663.5,-0.39654690187539,0.0988127690618067,"cort","severecrit",0.554205385363096,0.81638120140812
670.5,-0.39654690187539,0.0988127690618067,"cort","severecrit",0.554205385363096,0.81638120140812
678,-0.39654690187539,0.0988127690618067,"cort","severecrit",0.554205385363096,0.81638120140812
685,-0.39654690187539,0.0988127690618067,"cort","severecrit",0.554205385363096,0.81638120140812
695,-0.39654690187539,0.0988127690618067,"cort","severecrit",0.554205385363096,0.81638120140812
705.5,-0.39654690187539,0.0988127690618067,"cort","severecrit",0.554205385363096,0.81638120140812
719.5,-0.39654690187539,0.0988127690618067,"cort","severecrit",0.554205385363096,0.81638120140812
733.5,-0.39654690187539,0.0988127690618066,"cort","severecrit",0.554205385363096,0.81638120140812
744,-0.39654690187539,0.0988127690618067,"cort","severecrit",0.554205385363096,0.81638120140812
754.5,-0.39654690187539,0.0988127690618067,"cort","severecrit",0.554205385363096,0.81638120140812
773.5,-0.39654690187539,0.0988127690618066,"cort","severecrit",0.554205385363096,0.81638120140812
791,-0.39654690187539,0.0988127690618066,"cort","severecrit",0.554205385363096,0.81638120140812
800.5,-0.39654690187539,0.0988127690618066,"cort","severecrit",0.554205385363096,0.81638120140812
809,-0.39654690187539,0.0988127690618066,"cort","severecrit",0.554205385363096,0.81638120140812
164,1.86264517698653e-10,2.006611588,"hydroxychloroquine","all",0.0195856384729972,51.0578198280965
173,1.86264448309714e-10,1.42778088522145,"hydroxychloroquine","all",0.0609043587335615,16.4191861004108
178,1.86264448309714e-10,1.42778088522145,"hydroxychloroquine","all",0.0609043587335615,16.4191861004108
182.5,1.86264448309714e-10,1.42778088522145,"hydroxychloroquine","all",0.0609043587335615,16.4191861004108
186.5,1.86264448309714e-10,1.42778088522145,"hydroxychloroquine","all",0.0609043587335615,16.4191861004108
187.5,1.86264496881972e-10,1.42778088522145,"hydroxychloroquine","all",0.0609043587335615,16.4191861004108
191,1.86264496881972e-10,1.42778088522145,"hydroxychloroquine","all",0.0609043587335615,16.4191861004108
199.5,1.86264496881972e-10,1.42778088522145,"hydroxychloroquine","all",0.0609043587335615,16.4191861004108
210,1.86264496881972e-10,1.42778088522145,"hydroxychloroquine","all",0.0609043587335615,16.4191861004108
217.5,-0.129475269805912,1.16846347050149,"hydroxychloroquine","all",0.0889515293199525,8.67732353288472
223.5,-0.129475269805912,1.16846347050149,"hydroxychloroquine","all",0.0889515293199525,8.67732353288472
227.5,-0.232112603360027,1.01285805948774,"hydroxychloroquine","all",0.108901181472007,5.77240724238177
232,-0.232112603360027,1.01285805948774,"hydroxychloroquine","all",0.108901181472007,5.77240724238177
239,0.0935324620235154,0.0714258118715018,"hydroxychloroquine","all",0.954600711335454,1.26304699700751
245.5,0.0945123326121064,0.0710477404200308,"hydroxychloroquine","all",0.956244889077573,1.26334871250049
252.5,0.0945123326121064,0.0710477404200308,"hydroxychloroquine","all",0.956244889077573,1.26334871250049
259.5,0.0945123326121064,0.0710477404200308,"hydroxychloroquine","all",0.956244889077573,1.26334871250049
266,0.0945123326121064,0.0710477404200308,"hydroxychloroquine","all",0.956244889077573,1.26334871250049
273.5,0.0957787032750101,0.070590657172135,"hydroxychloroquine","all",0.958314770248025,1.26381685411781
280.5,0.0957787032750101,0.070590657172135,"hydroxychloroquine","all",0.958314770248025,1.26381685411781
286.5,0.0957787032750101,0.070590657172135,"hydroxychloroquine","all",0.958314770248025,1.26381685411781
293.5,0.0957787032750101,0.070590657172135,"hydroxychloroquine","all",0.958314770248025,1.26381685411781
300.5,0.0957787032750101,0.070590657172135,"hydroxychloroquine","all",0.958314770248025,1.26381685411781
307.5,0.0957787032750101,0.070590657172135,"hydroxychloroquine","all",0.958314770248025,1.26381685411781
314.5,0.0957787032750101,0.070590657172135,"hydroxychloroquine","all",0.958314770248025,1.26381685411781
321.5,0.0957787032750101,0.070590657172135,"hydroxychloroquine","all",0.958314770248025,1.26381685411781
328.5,0.111743588447329,0.0647861402905081,"hydroxychloroquine","all",0.984878252943316,1.26962860845611
335.5,0.11001945978969,0.0643374626166806,"hydroxychloroquine","all",0.984046657457149,1.26632738282293
342.5,0.11001945978969,0.0643374626166806,"hydroxychloroquine","all",0.984046657457149,1.26632738282293
349.5,0.10455038006844,0.0641038210708252,"hydroxychloroquine","all",0.979127794489752,1.25884403757101
356.5,0.103320924905919,0.063026607505863,"hydroxychloroquine","all",0.979991651917264,1.25464551637988
363.5,0.103320924905919,0.063026607505863,"hydroxychloroquine","all",0.979991651917264,1.25464551637988
370.5,0.103320924905919,0.063026607505863,"hydroxychloroquine","all",0.979991651917264,1.25464551637988
377.5,0.103252788876918,0.0630058219411151,"hydroxychloroquine","all",0.979964804118085,1.25450892336195
384.5,0.103252788876918,0.0630058219411151,"hydroxychloroquine","all",0.979964804118085,1.25450892336195
394.5,0.103252788876918,0.0630058219411151,"hydroxychloroquine","all",0.979964804118085,1.25450892336195
404.5,0.103252788876918,0.0630058219411151,"hydroxychloroquine","all",0.979964804118085,1.25450892336195
415,0.100956562807548,0.0625797569200618,"hydroxychloroquine","all",0.978533985255517,1.25058680651449
423.5,0.100956562807548,0.0625797569200618,"hydroxychloroquine","all",0.978533985255517,1.25058680651449
427,0.100042367336726,0.0625492170360021,"hydroxychloroquine","all",0.977698344184983,1.2493692609526
433,0.100042367336726,0.0625492170360021,"hydroxychloroquine","all",0.977698344184983,1.2493692609526
440.5,0.0893079550555123,0.0610465195596832,"hydroxychloroquine","all",0.970112511201779,1.23239463371335
447,0.0893079550555123,0.0610465195596832,"hydroxychloroquine","all",0.970112511201779,1.23239463371335
453.5,0.0893079550555123,0.0610465195596832,"hydroxychloroquine","all",0.970112511201779,1.23239463371335
464,0.0832840899013677,0.0608915415006283,"hydroxychloroquine","all",0.964579203358869,1.22462112597833
474.5,0.0833281864327231,0.0608728571974558,"hydroxychloroquine","all",0.964657065179257,1.22463028041935
485,0.0833281864327231,0.0608728572410962,"hydroxychloroquine","all",0.964657065096745,1.22463028052409
495.5,0.0833281864327231,0.0608728572410962,"hydroxychloroquine","all",0.964657065096745,1.22463028052409
506,0.0833281864327231,0.0608728572410962,"hydroxychloroquine","all",0.964657065096745,1.22463028052409
516.5,0.0822881958703961,0.0608447765790039,"hydroxychloroquine","all",0.963707391511404,1.22329000922065
523.5,0.0822881958703962,0.060844776644953,"hydroxychloroquine","all",0.963707391386835,1.22329000937878
531.5,0.0822881958703962,0.060844776644953,"hydroxychloroquine","all",0.963707391386835,1.22329000937878
549,0.0823746039515573,0.0608292229049465,"hydroxychloroquine","all",0.963820049015912,1.22335842103393
562.5,0.0823746039515573,0.0608292229049465,"hydroxychloroquine","all",0.963820049015912,1.22335842103393
566,0.0823746039515573,0.0608292229049465,"hydroxychloroquine","all",0.963820049015912,1.22335842103393
573,0.0823746039515573,0.0608292229049465,"hydroxychloroquine","all",0.963820049015912,1.22335842103393
580,0.0813009513250981,0.0608013549737354,"hydroxychloroquine","all",0.962838386301224,1.22197891619008
590.5,0.0813009513250981,0.0608013549737354,"hydroxychloroquine","all",0.962838386301224,1.22197891619008
601,0.0860994477107495,0.0600186824834475,"hydroxychloroquine","all",0.968954939771115,1.22597453362611
607.5,0.0860994477107495,0.0600186824834475,"hydroxychloroquine","all",0.968954939771115,1.22597453362611
614.5,0.0860994477107495,0.0600186824834475,"hydroxychloroquine","all",0.968954939771115,1.22597453362611
621.5,0.0955254419751733,0.0598507691543465,"hydroxychloroquine","all",0.978453450514487,1.23717796280499
632,0.0955254419751733,0.0598507692554373,"hydroxychloroquine","all",0.978453450320618,1.23717796305012
642.5,0.0955254419751733,0.0598507692554373,"hydroxychloroquine","all",0.978453450320618,1.23717796305012
649.5,0.0955254419751733,0.0598507692554373,"hydroxychloroquine","all",0.978453450320618,1.23717796305012
656.5,0.0955254419751733,0.0598507692554373,"hydroxychloroquine","all",0.978453450320618,1.23717796305012
663.5,0.0955254419751733,0.0598507692554373,"hydroxychloroquine","all",0.978453450320618,1.23717796305012
670.5,0.0955254419751733,0.0598507692554373,"hydroxychloroquine","all",0.978453450320618,1.23717796305012
678,0.0955254419751733,0.0598507692554373,"hydroxychloroquine","all",0.978453450320618,1.23717796305012
685,0.0955254419751733,0.0598507692554373,"hydroxychloroquine","all",0.978453450320618,1.23717796305012
695,0.0955254419751733,0.0598507692554373,"hydroxychloroquine","all",0.978453450320618,1.23717796305012
705.5,0.0955254419751733,0.0598507692554373,"hydroxychloroquine","all",0.978453450320618,1.23717796305012
719.5,0.0955254419751733,0.0598507692554373,"hydroxychloroquine","all",0.978453450320618,1.23717796305012
733.5,0.0955254419751733,0.0598507692554373,"hydroxychloroquine","all",0.978453450320618,1.23717796305012
744,0.0955254419751733,0.0598507692554373,"hydroxychloroquine","all",0.978453450320618,1.23717796305012
754.5,0.0955254419751733,0.0598507692554373,"hydroxychloroquine","all",0.978453450320618,1.23717796305012
773.5,0.0955254419751733,0.0598507692554373,"hydroxychloroquine","all",0.978453450320618,1.23717796305012
791,0.0955254419751733,0.0598507692554373,"hydroxychloroquine","all",0.978453450320618,1.23717796305012
800.5,0.0955254419751733,0.0598507692554373,"hydroxychloroquine","all",0.978453450320618,1.23717796305012
809,0.0955254419751733,0.0598507692554373,"hydroxychloroquine","all",0.978453450320618,1.23717796305012
164,0,5,"hydroxychloroquineazithromycin","all",5.54515994321769e-05,18033.7449278285
173,0,5,"hydroxychloroquineazithromycin","all",5.54515994321769e-05,18033.7449278285
178,0,5,"hydroxychloroquineazithromycin","all",5.54515994321769e-05,18033.7449278285
182.5,0,5,"hydroxychloroquineazithromycin","all",5.54515994321769e-05,18033.7449278285
186.5,0,5,"hydroxychloroquineazithromycin","all",5.54515994321769e-05,18033.7449278285
187.5,0,5,"hydroxychloroquineazithromycin","all",5.54515994321769e-05,18033.7449278285
191,0,5,"hydroxychloroquineazithromycin","all",5.54515994321769e-05,18033.7449278285
199.5,0,5,"hydroxychloroquineazithromycin","all",5.54515994321769e-05,18033.7449278285
210,0,5,"hydroxychloroquineazithromycin","all",5.54515994321769e-05,18033.7449278285
217.5,0,5,"hydroxychloroquineazithromycin","all",5.54515994321769e-05,18033.7449278285
223.5,0,5,"hydroxychloroquineazithromycin","all",5.54515994321769e-05,18033.7449278285
227.5,0,5,"hydroxychloroquineazithromycin","all",5.54515994321769e-05,18033.7449278285
232,0,5,"hydroxychloroquineazithromycin","all",5.54515994321769e-05,18033.7449278285
239,0,5,"hydroxychloroquineazithromycin","all",5.54515994321769e-05,18033.7449278285
245.5,-0.660960530416085,0.873954615580425,"hydroxychloroquineazithromycin","all",0.0931157834398453,2.86334498366907
252.5,-0.660960530416085,0.873954615580425,"hydroxychloroquineazithromycin","all",0.0931157834398453,2.86334498366907
259.5,-0.660960530416085,0.873954615580425,"hydroxychloroquineazithromycin","all",0.0931157834398453,2.86334498366907
266,-0.660960530416085,0.873954615580425,"hydroxychloroquineazithromycin","all",0.0931157834398453,2.86334498366907
273.5,-0.660960530416085,0.873954615580425,"hydroxychloroquineazithromycin","all",0.0931157834398453,2.86334498366907
280.5,-0.660960530416085,0.873954615580425,"hydroxychloroquineazithromycin","all",0.0931157834398453,2.86334498366907
286.5,-0.660960530416085,0.873954615580425,"hydroxychloroquineazithromycin","all",0.0931157834398453,2.86334498366907
293.5,-0.660960530416085,0.873954615580425,"hydroxychloroquineazithromycin","all",0.0931157834398453,2.86334498366907
300.5,-0.660960530416085,0.873954615580425,"hydroxychloroquineazithromycin","all",0.0931157834398454,2.86334498366907
307.5,-0.660960530416085,0.873954615580425,"hydroxychloroquineazithromycin","all",0.0931157834398454,2.86334498366907
314.5,-0.660960530416085,0.873954615580425,"hydroxychloroquineazithromycin","all",0.0931157834398454,2.86334498366907
321.5,-0.660960530416085,0.873954615580425,"hydroxychloroquineazithromycin","all",0.0931157834398454,2.86334498366907
328.5,-0.660960530416085,0.873954615580425,"hydroxychloroquineazithromycin","all",0.0931157834398454,2.86334498366907
335.5,-0.660960530416085,0.873954615580425,"hydroxychloroquineazithromycin","all",0.0931157834398453,2.86334498366907
342.5,-0.660960530416085,0.873954615580425,"hydroxychloroquineazithromycin","all",0.0931157834398453,2.86334498366907
349.5,-0.660960530416085,0.873954615580425,"hydroxychloroquineazithromycin","all",0.0931157834398454,2.86334498366907
356.5,-0.660960530416085,0.873954615580425,"hydroxychloroquineazithromycin","all",0.0931157834398453,2.86334498366907
363.5,-0.660960530416085,0.873954615580425,"hydroxychloroquineazithromycin","all",0.0931157834398453,2.86334498366907
370.5,-0.660960530416085,0.873954615580425,"hydroxychloroquineazithromycin","all",0.0931157834398453,2.86334498366907
377.5,-0.586538502315418,0.823283450476886,"hydroxychloroquineazithromycin","all",0.110783873061359,2.79294630133809
384.5,-0.586538502315418,0.823283450476886,"hydroxychloroquineazithromycin","all",0.110783873061359,2.79294630133809
394.5,-0.586538502315418,0.823283450476886,"hydroxychloroquineazithromycin","all",0.110783873061359,2.79294630133809
404.5,-0.586538502315418,0.823283450476886,"hydroxychloroquineazithromycin","all",0.110783873061359,2.79294630133809
415,-0.586538502315418,0.823283450476886,"hydroxychloroquineazithromycin","all",0.110783873061359,2.79294630133809
423.5,-0.586538502315418,0.823283450476886,"hydroxychloroquineazithromycin","all",0.110783873061359,2.79294630133809
427,-0.586538502315418,0.823283450476886,"hydroxychloroquineazithromycin","all",0.110783873061359,2.79294630133809
433,-0.586538502315418,0.823283450476886,"hydroxychloroquineazithromycin","all",0.110783873061359,2.79294630133809
440.5,-0.586538502315418,0.823283450476886,"hydroxychloroquineazithromycin","all",0.110783873061359,2.79294630133809
447,-0.586538502315418,0.823283450476886,"hydroxychloroquineazithromycin","all",0.110783873061359,2.79294630133809
453.5,-0.586538502315418,0.823283450476886,"hydroxychloroquineazithromycin","all",0.110783873061359,2.79294630133809
464,-0.586538502315418,0.823283450476886,"hydroxychloroquineazithromycin","all",0.110783873061359,2.79294630133809
474.5,-0.519809094953053,0.780629085575194,"hydroxychloroquineazithromycin","all",0.128755232088881,2.74621585899053
485,-0.750681418568224,0.693011534590567,"hydroxychloroquineazithromycin","all",0.121361203603007,1.8360585638829
495.5,-0.650221740455796,0.656799604512133,"hydroxychloroquineazithromycin","all",0.144056605153928,1.89099942269985
506,-0.650221740455796,0.656799604512133,"hydroxychloroquineazithromycin","all",0.144056605153928,1.89099942269985
516.5,-0.650221740455796,0.656799604512133,"hydroxychloroquineazithromycin","all",0.144056605153928,1.89099942269985
523.5,-0.650221740455796,0.656799604512133,"hydroxychloroquineazithromycin","all",0.144056605153928,1.89099942269985
531.5,-0.650221740455796,0.656799604512133,"hydroxychloroquineazithromycin","all",0.144056605153928,1.89099942269985
549,-0.560743917359253,0.639776666669015,"hydroxychloroquineazithromycin","all",0.162885759797528,2.00014234256925
562.5,-0.61079284254238,0.568466502190146,"hydroxychloroquineazithromycin","all",0.178175334748224,1.65433894784102
566,-0.61079284254238,0.568466502190146,"hydroxychloroquineazithromycin","all",0.178175334748224,1.65433894784102
573,-0.61079284254238,0.568466502190146,"hydroxychloroquineazithromycin","all",0.178175334748224,1.65433894784102
580,-0.61079284254238,0.568466502190146,"hydroxychloroquineazithromycin","all",0.178175334748224,1.65433894784102
590.5,-0.61079284254238,0.568466502190146,"hydroxychloroquineazithromycin","all",0.178175334748224,1.65433894784102
601,-0.61079284254238,0.568466502190146,"hydroxychloroquineazithromycin","all",0.178175334748224,1.65433894784102
607.5,-0.61079284254238,0.568466502190146,"hydroxychloroquineazithromycin","all",0.178175334748224,1.65433894784102
614.5,-0.61079284254238,0.568466502190146,"hydroxychloroquineazithromycin","all",0.178175334748224,1.65433894784102
621.5,-0.61079284254238,0.568466502190146,"hydroxychloroquineazithromycin","all",0.178175334748224,1.65433894784102
632,-0.61079284254238,0.568466502190146,"hydroxychloroquineazithromycin","all",0.178175334748224,1.65433894784102
642.5,-0.565627934334234,0.547045359502342,"hydroxychloroquineazithromycin","all",0.194400106530641,1.65960723722233
649.5,-0.565627934334234,0.547045359502342,"hydroxychloroquineazithromycin","all",0.194400106530641,1.65960723722233
656.5,-0.565627934334234,0.547045359502342,"hydroxychloroquineazithromycin","all",0.194400106530641,1.65960723722233
663.5,-0.565627934334234,0.547045359502342,"hydroxychloroquineazithromycin","all",0.194400106530641,1.65960723722233
670.5,-0.565627934334234,0.547045359502342,"hydroxychloroquineazithromycin","all",0.194400106530641,1.65960723722233
678,-0.565627934334234,0.547045359502342,"hydroxychloroquineazithromycin","all",0.194400106530641,1.65960723722233
685,-0.565627934334234,0.547045359502342,"hydroxychloroquineazithromycin","all",0.194400106530641,1.65960723722233
695,-0.565627934334234,0.547045359502342,"hydroxychloroquineazithromycin","all",0.194400106530641,1.65960723722233
705.5,-0.565627934334234,0.547045359502342,"hydroxychloroquineazithromycin","all",0.194400106530641,1.65960723722233
719.5,-0.565627934334234,0.547045359502342,"hydroxychloroquineazithromycin","all",0.194400106530641,1.65960723722233
733.5,-0.565627934334234,0.547045359502342,"hydroxychloroquineazithromycin","all",0.194400106530641,1.65960723722233
744,-0.565627934334234,0.547045359502342,"hydroxychloroquineazithromycin","all",0.194400106530641,1.65960723722233
754.5,-0.565627934334234,0.547045359502342,"hydroxychloroquineazithromycin","all",0.194400106530641,1.65960723722233
773.5,-0.565627934334234,0.547045359502342,"hydroxychloroquineazithromycin","all",0.194400106530641,1.65960723722233
791,-0.565627934334234,0.547045359502342,"hydroxychloroquineazithromycin","all",0.194400106530641,1.65960723722233
800.5,-0.565627934334234,0.547045359502342,"hydroxychloroquineazithromycin","all",0.194400106530641,1.65960723722233
809,-0.565627934334234,0.547045359502342,"hydroxychloroquineazithromycin","all",0.194400106530641,1.65960723722233
164,-0.348548790761574,0.339303916925297,"lopiritonavir","all",0.362915785342169,1.37229824636442
173,-0.348548790761574,0.339303916925297,"lopiritonavir","all",0.362915785342169,1.37229824636442
178,-0.348548790761574,0.339303916925297,"lopiritonavir","all",0.362915785342169,1.37229824636442
182.5,-0.348548790761574,0.339303916925297,"lopiritonavir","all",0.362915785342169,1.37229824636442
186.5,-0.348548790761574,0.339303916925297,"lopiritonavir","all",0.362915785342169,1.37229824636442
187.5,-0.348548790761574,0.339303916925297,"lopiritonavir","all",0.362915785342169,1.37229824636442
191,-0.348548790761574,0.339303916925297,"lopiritonavir","all",0.362915785342169,1.37229824636442
199.5,-0.348548790761574,0.339303916925297,"lopiritonavir","all",0.362915785342169,1.37229824636442
210,-0.348548790761574,0.339303916925297,"lopiritonavir","all",0.362915785342169,1.37229824636442
217.5,-0.348548790761574,0.339303916925297,"lopiritonavir","all",0.362915785342169,1.37229824636442
223.5,-0.348548790761574,0.339303916925297,"lopiritonavir","all",0.362915785342169,1.37229824636442
227.5,-0.348548790761574,0.339303916925297,"lopiritonavir","all",0.362915785342169,1.37229824636442
232,-0.348548790761574,0.339303916925297,"lopiritonavir","all",0.362915785342169,1.37229824636442
239,-0.348548790761574,0.339303916925297,"lopiritonavir","all",0.362915785342169,1.37229824636442
245.5,-0.348548790761574,0.339303916925297,"lopiritonavir","all",0.362915785342169,1.37229824636442
252.5,-0.348548790761574,0.339303916925297,"lopiritonavir","all",0.362915785342169,1.37229824636442
259.5,-0.348548790761574,0.339303916925297,"lopiritonavir","all",0.362915785342169,1.37229824636442
266,-0.348548790761574,0.339303916925297,"lopiritonavir","all",0.362915785342169,1.37229824636442
273.5,-0.348548790761574,0.339303916925297,"lopiritonavir","all",0.362915785342169,1.37229824636442
280.5,-0.348548790761574,0.339303916925297,"lopiritonavir","all",0.362915785342169,1.37229824636442
286.5,-0.348548790761574,0.339303916925297,"lopiritonavir","all",0.362915785342169,1.37229824636442
293.5,-0.348548790761574,0.339303916925297,"lopiritonavir","all",0.362915785342169,1.37229824636442
300.5,-0.348548790761574,0.339303916925297,"lopiritonavir","all",0.362915785342169,1.37229824636442
307.5,-0.348548790761574,0.339303916925297,"lopiritonavir","all",0.362915785342169,1.37229824636442
314.5,-0.348548790761574,0.339303916925297,"lopiritonavir","all",0.362915785342169,1.37229824636442
321.5,0.0310668128794535,0.070801357002793,"lopiritonavir","all",0.897893471042076,1.18511222246467
328.5,0.0196621692132625,0.0618796128507074,"lopiritonavir","all",0.90337107701664,1.15136271497994
335.5,0.0196621692132625,0.0618796140815644,"lopiritonavir","all",0.903371074837276,1.15136271775758
342.5,0.0196621692132625,0.0618796140815644,"lopiritonavir","all",0.903371074837276,1.15136271775758
349.5,0.0196621692132625,0.0618796144819758,"lopiritonavir","all",0.903371074128305,1.15136271866117
356.5,0.0196621692132625,0.0618796144819758,"lopiritonavir","all",0.903371074128305,1.15136271866117
363.5,0.0196621692132625,0.0618796144819758,"lopiritonavir","all",0.903371074128305,1.15136271866117
370.5,0.0196621692132625,0.0618796144819758,"lopiritonavir","all",0.903371074128305,1.15136271866117
377.5,0.0196621692132625,0.0618796144819758,"lopiritonavir","all",0.903371074128305,1.15136271866117
384.5,0.0196621692132625,0.0618796144819758,"lopiritonavir","all",0.903371074128305,1.15136271866117
394.5,0.0196621692132625,0.0618796144819758,"lopiritonavir","all",0.903371074128305,1.15136271866117
404.5,0.0196621692132625,0.0618796144819758,"lopiritonavir","all",0.903371074128305,1.15136271866117
415,0.0224400765574929,0.0614433220992983,"lopiritonavir","all",0.90665902676564,1.15357865897067
423.5,0.0224400765574929,0.0614433220992983,"lopiritonavir","all",0.90665902676564,1.15357865897067
427,0.0224400765574929,0.0614433220992983,"lopiritonavir","all",0.90665902676564,1.15357865897067
433,0.0224400765574929,0.0614433220992983,"lopiritonavir","all",0.90665902676564,1.15357865897067
440.5,0.0224400765574929,0.0614433220992983,"lopiritonavir","all",0.90665902676564,1.15357865897067
447,0.0224400765574929,0.0614433220992983,"lopiritonavir","all",0.90665902676564,1.15357865897067
453.5,0.0224400765574929,0.0614433220992983,"lopiritonavir","all",0.90665902676564,1.15357865897067
464,0.0224400765574928,0.0614433221181468,"lopiritonavir","all",0.906659026732145,1.15357865901329
474.5,0.0224400765574928,0.0614433221181468,"lopiritonavir","all",0.906659026732145,1.15357865901329
485,0.0224400765574929,0.0614433220992983,"lopiritonavir","all",0.90665902676564,1.15357865897067
495.5,0.0224400765574928,0.0614433221181468,"lopiritonavir","all",0.906659026732145,1.15357865901329
506,0.0224400765574928,0.0614433221181468,"lopiritonavir","all",0.906659026732145,1.15357865901329
516.5,0.0234432786257772,0.0613921299370815,"lopiritonavir","all",0.907660112361787,1.15462065558361
523.5,0.0234432786257772,0.0613921299370815,"lopiritonavir","all",0.907660112361787,1.15462065558361
531.5,0.0234432786257772,0.0613921299370815,"lopiritonavir","all",0.907660112361787,1.15462065558361
549,0.0234432786257772,0.0613921299370815,"lopiritonavir","all",0.907660112361787,1.15462065558361
562.5,0.0234432786257772,0.0613921299370815,"lopiritonavir","all",0.907660112361787,1.15462065558361
566,0.0234432786257772,0.0613921299370815,"lopiritonavir","all",0.907660112361787,1.15462065558361
573,0.0234432786257772,0.0613921299370815,"lopiritonavir","all",0.907660112361787,1.15462065558361
580,0.0234432786257772,0.0613921299370815,"lopiritonavir","all",0.907660112361787,1.15462065558361
590.5,0.0234432786257772,0.0613921299370815,"lopiritonavir","all",0.907660112361787,1.15462065558361
601,0.041117421969184,0.0591204878091067,"lopiritonavir","all",0.927967346165518,1.169988100301
607.5,0.041117421969184,0.0591204878091067,"lopiritonavir","all",0.927967346165518,1.169988100301
614.5,0.041117421969184,0.0591204878091067,"lopiritonavir","all",0.927967346165518,1.169988100301
621.5,0.041117421969184,0.0591204882976219,"lopiritonavir","all",0.927967345276999,1.16998810142125
632,0.041117421969184,0.0591204882976219,"lopiritonavir","all",0.927967345276999,1.16998810142125
642.5,0.041117421969184,0.0591204878091067,"lopiritonavir","all",0.927967346165518,1.169988100301
649.5,0.041117421969184,0.0591204878091067,"lopiritonavir","all",0.927967346165518,1.169988100301
656.5,0.041117421969184,0.0591204878091067,"lopiritonavir","all",0.927967346165518,1.169988100301
663.5,0.041117421969184,0.0591204878091067,"lopiritonavir","all",0.927967346165518,1.169988100301
670.5,0.041117421969184,0.0591204878091067,"lopiritonavir","all",0.927967346165518,1.169988100301
678,0.041117421969184,0.0591204878091067,"lopiritonavir","all",0.927967346165518,1.169988100301
685,0.041117421969184,0.0591204878091067,"lopiritonavir","all",0.927967346165518,1.169988100301
695,0.041117421969184,0.0591204878091067,"lopiritonavir","all",0.927967346165518,1.169988100301
705.5,0.041117421969184,0.0591204878091067,"lopiritonavir","all",0.927967346165518,1.169988100301
719.5,0.041117421969184,0.0591204878091067,"lopiritonavir","all",0.927967346165518,1.169988100301
733.5,0.041117421969184,0.0591204878091067,"lopiritonavir","all",0.927967346165518,1.169988100301
744,0.041117421969184,0.0591204878091067,"lopiritonavir","all",0.927967346165518,1.169988100301
754.5,0.041117421969184,0.0591204878091067,"lopiritonavir","all",0.927967346165518,1.169988100301
773.5,0.041117421969184,0.0591204878091067,"lopiritonavir","all",0.927967346165518,1.169988100301
791,0.041117421969184,0.0591204878091067,"lopiritonavir","all",0.927967346165518,1.169988100301
800.5,0.041117421969184,0.0591204878091067,"lopiritonavir","all",0.927967346165518,1.169988100301
809,0.041117421969184,0.0591204878091067,"lopiritonavir","all",0.927967346165518,1.169988100301
164,0,5,"remdesivir","notseverecrit",5.54515994321769e-05,18033.7449278285
173,0,5,"remdesivir","notseverecrit",5.54515994321769e-05,18033.7449278285
178,0,5,"remdesivir","notseverecrit",5.54515994321769e-05,18033.7449278285
182.5,-0.499250352243641,0.322164103372653,"remdesivir","notseverecrit",0.322809796396636,1.14132662317519
186.5,-0.499250352243641,0.322164103372653,"remdesivir","notseverecrit",0.322809796396636,1.14132662317519
187.5,-0.499250352243641,0.322164103372652,"remdesivir","notseverecrit",0.322809796396636,1.14132662317519
191,-0.499250352243641,0.322164103372652,"remdesivir","notseverecrit",0.322809796396636,1.14132662317519
199.5,-0.499250352243641,0.322164103372652,"remdesivir","notseverecrit",0.322809796396636,1.14132662317519
210,-0.499250352243641,0.322164103372652,"remdesivir","notseverecrit",0.322809796396636,1.14132662317519
217.5,-0.499250352243641,0.322164103372653,"remdesivir","notseverecrit",0.322809796396636,1.14132662317519
223.5,-0.499250352243641,0.322164103372653,"remdesivir","notseverecrit",0.322809796396636,1.14132662317519
227.5,-0.499250352243641,0.322164103372653,"remdesivir","notseverecrit",0.322809796396636,1.14132662317519
232,-0.499250352243641,0.322164103372653,"remdesivir","notseverecrit",0.322809796396636,1.14132662317519
239,-0.499250352243641,0.322164103372653,"remdesivir","notseverecrit",0.322809796396636,1.14132662317519
245.5,-0.499250352243641,0.322164103372653,"remdesivir","notseverecrit",0.322809796396636,1.14132662317519
252.5,-0.499250352243641,0.322164103372653,"remdesivir","notseverecrit",0.322809796396636,1.14132662317519
259.5,-0.499250352243641,0.322164103372653,"remdesivir","notseverecrit",0.322809796396636,1.14132662317519
266,-0.499250352243641,0.322164103372653,"remdesivir","notseverecrit",0.322809796396636,1.14132662317519
273.5,-0.559072533515878,0.304145528648435,"remdesivir","notseverecrit",0.314995234240305,1.03774771143589
280.5,-0.559072533515878,0.304145535280556,"remdesivir","notseverecrit",0.314995230145696,1.03774772492553
286.5,-0.559072533515878,0.304145535280556,"remdesivir","notseverecrit",0.314995230145696,1.03774772492553
293.5,-0.559072533515878,0.304145535280556,"remdesivir","notseverecrit",0.314995230145696,1.03774772492553
300.5,-0.559072533515878,0.304145535280556,"remdesivir","notseverecrit",0.314995230145696,1.03774772492553
307.5,-0.559072533515878,0.304145535280556,"remdesivir","notseverecrit",0.314995230145696,1.03774772492553
314.5,-0.559072533515878,0.304145535280556,"remdesivir","notseverecrit",0.314995230145696,1.03774772492553
321.5,-0.559072533515878,0.304145530822044,"remdesivir","notseverecrit",0.314995232898339,1.03774771585698
328.5,-0.199467501895137,0.0964685178194539,"remdesivir","notseverecrit",0.678042168992802,0.989664574431877
335.5,-0.199467501895137,0.0964685176050297,"remdesivir","notseverecrit",0.678042169277764,0.989664574015949
342.5,-0.199467501895137,0.0964685176050297,"remdesivir","notseverecrit",0.678042169277764,0.989664574015949
349.5,-0.199467501895137,0.0964685178194539,"remdesivir","notseverecrit",0.678042168992802,0.989664574431877
356.5,-0.199467501895137,0.0964685178194539,"remdesivir","notseverecrit",0.678042168992802,0.989664574431877
363.5,-0.199467501895137,0.0964685178194539,"remdesivir","notseverecrit",0.678042168992802,0.989664574431877
370.5,-0.199467501895137,0.0964685178194539,"remdesivir","notseverecrit",0.678042168992802,0.989664574431877
377.5,-0.199467501895137,0.0964685178194539,"remdesivir","notseverecrit",0.678042168992802,0.989664574431877
384.5,-0.199467501895137,0.0964685178194539,"remdesivir","notseverecrit",0.678042168992802,0.989664574431877
394.5,-0.199467501895137,0.0964685178194539,"remdesivir","notseverecrit",0.678042168992802,0.989664574431877
404.5,-0.199467501895137,0.0964685178194539,"remdesivir","notseverecrit",0.678042168992802,0.989664574431877
415,-0.199467501895137,0.0964685178194539,"remdesivir","notseverecrit",0.678042168992802,0.989664574431877
423.5,-0.199467501895137,0.0964685178194539,"remdesivir","notseverecrit",0.678042168992802,0.989664574431877
427,-0.199467501895137,0.0964685178194539,"remdesivir","notseverecrit",0.678042168992802,0.989664574431877
433,-0.199467501895137,0.0964685178394808,"remdesivir","notseverecrit",0.678042168966187,0.989664574470724
440.5,-0.199467501895137,0.0964685178394808,"remdesivir","notseverecrit",0.678042168966187,0.989664574470724
447,-0.199467501895137,0.0964685178394808,"remdesivir","notseverecrit",0.678042168966187,0.989664574470724
453.5,-0.199467501895137,0.0964685178194539,"remdesivir","notseverecrit",0.678042168992802,0.989664574431877
464,-0.199467501895137,0.0964685176050297,"remdesivir","notseverecrit",0.678042169277764,0.989664574015949
474.5,-0.199467501895137,0.0964685178194539,"remdesivir","notseverecrit",0.678042168992802,0.989664574431877
485,-0.199467501895137,0.0964685176250566,"remdesivir","notseverecrit",0.678042169251149,0.989664574054796
495.5,-0.199467501895137,0.0964685178194539,"remdesivir","notseverecrit",0.678042168992802,0.989664574431877
506,-0.186605708600768,0.0957266836096239,"remdesivir","notseverecrit",0.687818689505156,1.00101911021437
516.5,-0.186605708600768,0.0957266836096239,"remdesivir","notseverecrit",0.687818689505156,1.00101911021437
523.5,-0.186605708600768,0.0957266836096239,"remdesivir","notseverecrit",0.687818689505156,1.00101911021437
531.5,-0.186605708600768,0.0957266836096239,"remdesivir","notseverecrit",0.687818689505156,1.00101911021437
549,-0.186605708600768,0.0957266836096239,"remdesivir","notseverecrit",0.687818689505156,1.00101911021437
562.5,-0.186605708600768,0.0957266836096239,"remdesivir","notseverecrit",0.687818689505156,1.00101911021437
566,-0.186605708600768,0.0957266836096239,"remdesivir","notseverecrit",0.687818689505156,1.00101911021437
573,-0.186605708600768,0.0957266836096239,"remdesivir","notseverecrit",0.687818689505156,1.00101911021437
580,-0.186605708600768,0.0957266836096239,"remdesivir","notseverecrit",0.687818689505156,1.00101911021437
590.5,-0.186605708600768,0.0957266836096239,"remdesivir","notseverecrit",0.687818689505156,1.00101911021437
601,-0.190816386228222,0.0954095723356504,"remdesivir","notseverecrit",0.685354437174944,0.996193638180128
607.5,-0.190816386228222,0.0954095723356504,"remdesivir","notseverecrit",0.685354437174944,0.996193638180128
614.5,-0.190816386228222,0.0954095723356504,"remdesivir","notseverecrit",0.685354437174944,0.996193638180128
621.5,-0.190816386228222,0.0954095723356504,"remdesivir","notseverecrit",0.685354437174944,0.996193638180128
632,-0.190816386228222,0.0954095723356504,"remdesivir","notseverecrit",0.685354437174944,0.996193638180128
642.5,-0.190816386228222,0.0954095723356504,"remdesivir","notseverecrit",0.685354437174944,0.996193638180128
649.5,-0.190816386228222,0.0954095723356504,"remdesivir","notseverecrit",0.685354437174944,0.996193638180128
656.5,-0.190816386228222,0.0954095723356504,"remdesivir","notseverecrit",0.685354437174944,0.996193638180128
663.5,-0.190816386228222,0.0954095723356504,"remdesivir","notseverecrit",0.685354437174944,0.996193638180128
670.5,-0.190816386228222,0.0954095723356504,"remdesivir","notseverecrit",0.685354437174944,0.996193638180128
678,-0.190816386228222,0.0954095723356504,"remdesivir","notseverecrit",0.685354437174944,0.996193638180128
685,-0.190816386228222,0.0954095723356504,"remdesivir","notseverecrit",0.685354437174944,0.996193638180128
695,-0.175990480730694,0.0938724844069876,"remdesivir","notseverecrit",0.697689895890057,1.00803167090782
705.5,-0.175990480730694,0.0938724844069876,"remdesivir","notseverecrit",0.697689895890057,1.00803167090782
719.5,-0.175990480730694,0.0938724844069876,"remdesivir","notseverecrit",0.697689895890057,1.00803167090782
733.5,-0.175573128140073,0.0937694370332998,"remdesivir","notseverecrit",0.698122126825932,1.00824880388737
744,-0.175573128140073,0.0937694370332998,"remdesivir","notseverecrit",0.698122126825932,1.00824880388737
754.5,-0.175573128140073,0.0937694370332998,"remdesivir","notseverecrit",0.698122126825932,1.00824880388737
773.5,-0.175573128140073,0.0937694370332998,"remdesivir","notseverecrit",0.698122126825932,1.00824880388737
791,-0.22025359542412,0.0856457055616877,"remdesivir","notseverecrit",0.67833149603507,0.948960586807161
800.5,-0.22025359542412,0.0856457055616877,"remdesivir","notseverecrit",0.67833149603507,0.948960586807161
809,-0.22025359542412,0.0856457055616877,"remdesivir","notseverecrit",0.67833149603507,0.948960586807161
164,0,5,"remdesivir","severecrit",5.54515994321769e-05,18033.7449278285
173,0,5,"remdesivir","severecrit",5.54515994321769e-05,18033.7449278285
178,0,5,"remdesivir","severecrit",5.54515994321769e-05,18033.7449278285
182.5,-0.12945220133488,0.283096753246594,"remdesivir","severecrit",0.504432200508018,1.53022905756936
186.5,-0.12945220133488,0.283096753246594,"remdesivir","severecrit",0.504432200508018,1.53022905756936
187.5,-0.12945220133488,0.283096753246595,"remdesivir","severecrit",0.504432200508017,1.53022905756936
191,-0.12945220133488,0.283096753246595,"remdesivir","severecrit",0.504432200508017,1.53022905756936
199.5,-0.12945220133488,0.283096753246595,"remdesivir","severecrit",0.504432200508017,1.53022905756936
210,-0.12945220133488,0.283096753246595,"remdesivir","severecrit",0.504432200508017,1.53022905756936
217.5,-0.12945220133488,0.283096753246595,"remdesivir","severecrit",0.504432200508018,1.53022905756936
223.5,-0.12945220133488,0.283096753246595,"remdesivir","severecrit",0.504432200508018,1.53022905756936
227.5,-0.12945220133488,0.283096753246595,"remdesivir","severecrit",0.504432200508018,1.53022905756936
232,-0.12945220133488,0.283096753246595,"remdesivir","severecrit",0.504432200508018,1.53022905756936
239,-0.12945220133488,0.283096753246595,"remdesivir","severecrit",0.504432200508018,1.53022905756936
245.5,-0.12945220133488,0.283096753246595,"remdesivir","severecrit",0.504432200508018,1.53022905756936
252.5,-0.12945220133488,0.283096753246595,"remdesivir","severecrit",0.504432200508018,1.53022905756936
259.5,-0.12945220133488,0.283096753246595,"remdesivir","severecrit",0.504432200508018,1.53022905756936
266,-0.12945220133488,0.283096753246595,"remdesivir","severecrit",0.504432200508018,1.53022905756936
273.5,-0.12945220133488,0.283096753246595,"remdesivir","severecrit",0.504432200508018,1.53022905756936
280.5,-0.12945220133488,0.283096753246595,"remdesivir","severecrit",0.504432200508018,1.53022905756936
286.5,-0.12945220133488,0.283096753246595,"remdesivir","severecrit",0.504432200508017,1.53022905756936
293.5,-0.12945220133488,0.283096753246595,"remdesivir","severecrit",0.504432200508017,1.53022905756936
300.5,-0.12945220133488,0.283096753246595,"remdesivir","severecrit",0.504432200508017,1.53022905756936
307.5,-0.12945220133488,0.283096753246595,"remdesivir","severecrit",0.504432200508017,1.53022905756936
314.5,-0.12945220133488,0.283096753246595,"remdesivir","severecrit",0.504432200508017,1.53022905756936
321.5,-0.12945220133488,0.283096753246595,"remdesivir","severecrit",0.504432200508017,1.53022905756936
328.5,0.205792263057923,0.158913122992966,"remdesivir","severecrit",0.899714797083411,1.6774285303944
335.5,0.205792263057923,0.158913122992966,"remdesivir","severecrit",0.899714797083411,1.6774285303944
342.5,0.205792263057923,0.158913122992966,"remdesivir","severecrit",0.899714797083411,1.6774285303944
349.5,0.205792263057923,0.158913122992966,"remdesivir","severecrit",0.899714797083411,1.6774285303944
356.5,0.205792263057923,0.158913122992966,"remdesivir","severecrit",0.899714797083411,1.6774285303944
363.5,0.205792263057923,0.158913122992966,"remdesivir","severecrit",0.899714797083411,1.6774285303944
370.5,0.205792263057923,0.158913122992966,"remdesivir","severecrit",0.899714797083411,1.6774285303944
377.5,0.205792263057923,0.158913122992966,"remdesivir","severecrit",0.899714797083411,1.6774285303944
384.5,0.205792263057923,0.158913122992966,"remdesivir","severecrit",0.899714797083411,1.6774285303944
394.5,0.205792263057923,0.158913122992966,"remdesivir","severecrit",0.899714797083411,1.6774285303944
404.5,0.205792263057923,0.158913122992966,"remdesivir","severecrit",0.899714797083411,1.6774285303944
415,0.205792263057923,0.158913122992966,"remdesivir","severecrit",0.899714797083411,1.6774285303944
423.5,0.205792263057923,0.158913122992966,"remdesivir","severecrit",0.899714797083411,1.6774285303944
427,0.205792263057923,0.158913122992966,"remdesivir","severecrit",0.899714797083411,1.6774285303944
433,0.205792263057923,0.158913122992966,"remdesivir","severecrit",0.899714797083411,1.6774285303944
440.5,0.205792263057923,0.158913122992966,"remdesivir","severecrit",0.899714797083411,1.6774285303944
447,0.205792263057923,0.158913122992966,"remdesivir","severecrit",0.899714797083411,1.6774285303944
453.5,0.205792263057923,0.158913122992966,"remdesivir","severecrit",0.899714797083411,1.6774285303944
464,0.205792263057923,0.158913122992966,"remdesivir","severecrit",0.899714797083411,1.6774285303944
474.5,0.205792263057923,0.158913122992966,"remdesivir","severecrit",0.899714797083411,1.6774285303944
485,0.205792263057923,0.158913122992966,"remdesivir","severecrit",0.899714797083411,1.6774285303944
495.5,0.205792263057923,0.158913122992966,"remdesivir","severecrit",0.899714797083411,1.6774285303944
506,0.205792263057923,0.158913122992966,"remdesivir","severecrit",0.899714797083411,1.6774285303944
516.5,0.205792263057923,0.158913122992966,"remdesivir","severecrit",0.899714797083411,1.6774285303944
523.5,0.205792263057923,0.158913122992966,"remdesivir","severecrit",0.899714797083411,1.6774285303944
531.5,0.205792263057923,0.158913122992966,"remdesivir","severecrit",0.899714797083411,1.6774285303944
549,0.205792263057923,0.158913122992966,"remdesivir","severecrit",0.899714797083411,1.6774285303944
562.5,0.205792263057923,0.158913122992966,"remdesivir","severecrit",0.899714797083411,1.6774285303944
566,0.205792263057923,0.158913122992966,"remdesivir","severecrit",0.899714797083411,1.6774285303944
573,0.205792263057923,0.158913122992966,"remdesivir","severecrit",0.899714797083411,1.6774285303944
580,0.205792263057923,0.158913122992966,"remdesivir","severecrit",0.899714797083411,1.6774285303944
590.5,0.205792263057923,0.158913122992966,"remdesivir","severecrit",0.899714797083411,1.6774285303944
601,0.205792263057923,0.158913122992966,"remdesivir","severecrit",0.899714797083411,1.6774285303944
607.5,0.205792263057923,0.158913122992966,"remdesivir","severecrit",0.899714797083411,1.6774285303944
614.5,0.205792263057923,0.158913122992966,"remdesivir","severecrit",0.899714797083411,1.6774285303944
621.5,0.205792263057923,0.158913122992966,"remdesivir","severecrit",0.899714797083411,1.6774285303944
632,0.205792263057923,0.158913122992966,"remdesivir","severecrit",0.899714797083411,1.6774285303944
642.5,0.205792263057923,0.158913122992966,"remdesivir","severecrit",0.899714797083411,1.6774285303944
649.5,0.205792263057923,0.158913122992966,"remdesivir","severecrit",0.899714797083411,1.6774285303944
656.5,0.205792263057923,0.158913122992966,"remdesivir","severecrit",0.899714797083411,1.6774285303944
663.5,0.205792263057923,0.158913122992966,"remdesivir","severecrit",0.899714797083411,1.6774285303944
670.5,0.205792263057923,0.158913122992966,"remdesivir","severecrit",0.899714797083411,1.6774285303944
678,0.205792263057923,0.158913122992966,"remdesivir","severecrit",0.899714797083411,1.6774285303944
685,0.205792263057923,0.158913122992966,"remdesivir","severecrit",0.899714797083411,1.6774285303944
695,0.205792263057923,0.158913122992966,"remdesivir","severecrit",0.899714797083411,1.6774285303944
705.5,0.205792263057923,0.158913122992966,"remdesivir","severecrit",0.899714797083411,1.6774285303944
719.5,0.205792263057923,0.158913122992966,"remdesivir","severecrit",0.899714797083411,1.6774285303944
733.5,0.205792263057923,0.158913122992966,"remdesivir","severecrit",0.899714797083411,1.6774285303944
744,0.205792263057923,0.158913122992966,"remdesivir","severecrit",0.899714797083411,1.6774285303944
754.5,0.205792263057923,0.158913122992966,"remdesivir","severecrit",0.899714797083411,1.6774285303944
773.5,0.205792263057923,0.158913122992966,"remdesivir","severecrit",0.899714797083411,1.6774285303944
791,0.0498848273076336,0.124807144593603,"remdesivir","severecrit",0.823050947095057,1.34246413332308
800.5,0.0498848273076336,0.124807144593603,"remdesivir","severecrit",0.823050947095057,1.34246413332308
809,0.0498848273076336,0.124807144593603,"remdesivir","severecrit",0.823050947095057,1.34246413332308
164,0,5,"tocilizumab","all",5.54515994321769e-05,18033.7449278285
173,0,5,"tocilizumab","all",5.54515994321769e-05,18033.7449278285
178,0,5,"tocilizumab","all",5.54515994321769e-05,18033.7449278285
182.5,0,5,"tocilizumab","all",5.54515994321769e-05,18033.7449278285
186.5,0,5,"tocilizumab","all",5.54515994321769e-05,18033.7449278285
187.5,0,5,"tocilizumab","all",5.54515994321769e-05,18033.7449278285
191,0,5,"tocilizumab","all",5.54515994321769e-05,18033.7449278285
199.5,0,5,"tocilizumab","all",5.54515994321769e-05,18033.7449278285
210,0,5,"tocilizumab","all",5.54515994321769e-05,18033.7449278285
217.5,0,5,"tocilizumab","all",5.54515994321769e-05,18033.7449278285
223.5,0,5,"tocilizumab","all",5.54515994321769e-05,18033.7449278285
227.5,0,5,"tocilizumab","all",5.54515994321769e-05,18033.7449278285
232,0,5,"tocilizumab","all",5.54515994321769e-05,18033.7449278285
239,0,5,"tocilizumab","all",5.54515994321769e-05,18033.7449278285
245.5,0,5,"tocilizumab","all",5.54515994321769e-05,18033.7449278285
252.5,0,5,"tocilizumab","all",5.54515994321769e-05,18033.7449278285
259.5,0,5,"tocilizumab","all",5.54515994321769e-05,18033.7449278285
266,0,5,"tocilizumab","all",5.54515994321769e-05,18033.7449278285
273.5,0,5,"tocilizumab","all",5.54515994321769e-05,18033.7449278285
280.5,0,5,"tocilizumab","all",5.54515994321769e-05,18033.7449278285
286.5,-0.0803761445447923,0.265444347108813,"tocilizumab","all",0.548456634226643,1.55254384471414
293.5,-0.0803761445447923,0.265444347108813,"tocilizumab","all",0.548456634226643,1.55254384471414
300.5,-0.0803761445447923,0.265444347108813,"tocilizumab","all",0.548456634226643,1.55254384471414
307.5,-0.0803761445447923,0.265444347108813,"tocilizumab","all",0.548456634226643,1.55254384471414
314.5,-0.0803761445447923,0.265444347108813,"tocilizumab","all",0.548456634226643,1.55254384471414
321.5,-0.0803761445447923,0.265444347108813,"tocilizumab","all",0.548456634226643,1.55254384471414
328.5,-0.0803761445447923,0.265444347108813,"tocilizumab","all",0.548456634226643,1.55254384471414
335.5,0.0755372926182872,0.19327025321349,"tocilizumab","all",0.738397926659402,1.57514446033124
342.5,0.0755372926182872,0.19327025321349,"tocilizumab","all",0.738397926659402,1.57514446033124
349.5,0.0755372926182872,0.19327025321349,"tocilizumab","all",0.738397926659402,1.57514446033124
356.5,0.0755372926182872,0.19327025321349,"tocilizumab","all",0.738397926659402,1.57514446033124
363.5,0.0755372926182872,0.19327025321349,"tocilizumab","all",0.738397926659402,1.57514446033124
370.5,0.0755372926182872,0.19327025321349,"tocilizumab","all",0.738397926659402,1.57514446033124
377.5,0.0755372926182872,0.19327025321349,"tocilizumab","all",0.738397926659402,1.57514446033124
384.5,0.0755372926182872,0.193270250897769,"tocilizumab","all",0.738397930010853,1.57514445318195
394.5,0.0755372926182872,0.193270250897769,"tocilizumab","all",0.738397930010853,1.57514445318195
404.5,0.0755372926182872,0.193270250897769,"tocilizumab","all",0.738397930010853,1.57514445318195
415,0.0755372926182872,0.193270250897769,"tocilizumab","all",0.738397930010853,1.57514445318195
423.5,0.164742581230452,0.188375914303853,"tocilizumab","all",0.815075761794144,1.70567235014707
427,0.164742581230452,0.188375914303853,"tocilizumab","all",0.815075761794144,1.70567235014707
433,0.164742581230452,0.188375914303853,"tocilizumab","all",0.815075761794144,1.70567235014707
440.5,0.164742581230452,0.188375914303853,"tocilizumab","all",0.815075761794144,1.70567235014707
447,-0.122707245503428,0.0649253101222065,"tocilizumab","all",0.778831271115316,1.00455671272093
453.5,-0.122707245503428,0.0649253101222065,"tocilizumab","all",0.778831271115316,1.00455671272093
464,-0.122707245503428,0.0649253101222065,"tocilizumab","all",0.778831271115316,1.00455671272093
474.5,-0.128963600863688,0.0641932727324377,"tocilizumab","all",0.77508512618718,0.996860153352936
485,-0.128963600863688,0.0641932727324377,"tocilizumab","all",0.77508512618718,0.996860153352936
495.5,-0.128963600863688,0.0641932727324377,"tocilizumab","all",0.77508512618718,0.996860153352936
506,-0.128963600863688,0.064193272576809,"tocilizumab","all",0.775085126423606,0.996860153048861
516.5,-0.128963600863688,0.0641932728191536,"tocilizumab","all",0.775085126055444,0.996860153522365
523.5,-0.128963600863688,0.0641932728191536,"tocilizumab","all",0.775085126055444,0.996860153522365
531.5,-0.125039750633606,0.0639739633491834,"tocilizumab","all",0.778466968097291,1.00034927851433
549,-0.125039750633606,0.0639739632164939,"tocilizumab","all",0.778466968299748,1.00034927825417
562.5,-0.125039750633606,0.0639739632164939,"tocilizumab","all",0.778466968299748,1.00034927825417
566,-0.125039750633606,0.0639739632164939,"tocilizumab","all",0.778466968299748,1.00034927825417
573,-0.125039750633606,0.0639739632164939,"tocilizumab","all",0.778466968299748,1.00034927825417
580,-0.127943873006299,0.0567758031058828,"tocilizumab","all",0.78723816922282,0.983474765911116
590.5,-0.127943873006299,0.0567758031058828,"tocilizumab","all",0.78723816922282,0.983474765911116
601,-0.127943873006299,0.0567758031058828,"tocilizumab","all",0.78723816922282,0.983474765911116
607.5,-0.127943873006299,0.0567758031058828,"tocilizumab","all",0.78723816922282,0.983474765911116
614.5,-0.127943873006299,0.0567758031058828,"tocilizumab","all",0.78723816922282,0.983474765911116
621.5,-0.127943873006299,0.0567758031058828,"tocilizumab","all",0.78723816922282,0.983474765911116
632,-0.127943873006299,0.0567758031058828,"tocilizumab","all",0.78723816922282,0.983474765911116
642.5,-0.127943873006299,0.0567758031058828,"tocilizumab","all",0.78723816922282,0.983474765911116
649.5,-0.127943873006299,0.0567758031058828,"tocilizumab","all",0.78723816922282,0.983474765911116
656.5,-0.127943873006299,0.0567758031058828,"tocilizumab","all",0.78723816922282,0.983474765911116
663.5,-0.127943873006299,0.0567758031058828,"tocilizumab","all",0.78723816922282,0.983474765911116
670.5,-0.127943873006299,0.0567758031058828,"tocilizumab","all",0.78723816922282,0.983474765911116
678,-0.127943873006299,0.0567758031058828,"tocilizumab","all",0.78723816922282,0.983474765911116
685,-0.131510909221476,0.0549805035366484,"tocilizumab","all",0.787200186637889,0.976530668807523
695,-0.131510909221476,0.0549805035807903,"tocilizumab","all",0.787200186569782,0.976530668892011
705.5,-0.131510909221476,0.0549805035807903,"tocilizumab","all",0.787200186569782,0.976530668892011
719.5,-0.131510909221476,0.0549805035807903,"tocilizumab","all",0.787200186569782,0.976530668892011
733.5,-0.131510909221477,0.0549805035126045,"tocilizumab","all",0.787200186674986,0.976530668761503
744,-0.131510909221476,0.0549805035807903,"tocilizumab","all",0.787200186569782,0.976530668892011
754.5,-0.131510909221476,0.0549805035807903,"tocilizumab","all",0.787200186569782,0.976530668892011
773.5,-0.131510909221476,0.0549805035366484,"tocilizumab","all",0.787200186637889,0.976530668807523
791,-0.131510909221476,0.0549805035366484,"tocilizumab","all",0.787200186637889,0.976530668807523
800.5,-0.131510909221476,0.0549805034410734,"tocilizumab","all",0.787200186785353,0.976530668624592
809,-0.144359438098166,0.0540838512638497,"tocilizumab","all",0.778517517328943,0.962371152204266
