Country_ID,zlene,COUNTRY
BGD,-2.72,BD
BGD,-0.65,BD
BGD,-1.48,BD
BGD,-1.88,BD
BGD,-0.56,BD
BGD,0.5,BD
BGD,-0.97,BD
BGD,0.3,BD
BGD,-2.58,BD
BGD,-0.26,BD
BGD,-1.58,BD
BGD,-0.26,BD
BGD,-0.84,BD
BGD,-2.05,BD
BGD,-2.08,BD
BGD,0.78,BD
BGD,-0.18,BD
BGD,-0.14,BD
BGD,0.59,BD
BGD,-1.83,BD
BGD,-0.82,BD
BGD,-0.97,BD
BGD,-0.72,BD
BGD,-1.62,BD
BGD,-1.73,BD
BGD,0.3,BD
BGD,-1.79,BD
BGD,0.3,BD
BGD,-0.51,BD
BGD,-1.37,BD
BGD,-2.05,BD
BGD,-0.45,BD
BGD,-0.35,BD
BGD,-0.4,BD
BGD,-0.99,BD
BGD,-1.9,BD
BGD,-1.93,BD
BGD,-0.81,BD
BGD,-2.41,BD
BGD,-0.93,BD
BGD,-0.72,BD
BGD,-1.09,BD
BGD,-1.26,BD
BGD,-1.05,BD
BGD,-0.3,BD
BGD,-1.1,BD
BGD,-1.62,BD
BGD,-0.48,BD
BGD,-2.04,BD
BGD,0.23,BD
BGD,-3.47,BD
BGD,-0.94,BD
BGD,-1.48,BD
BGD,-1.1,BD
BGD,0.54,BD
BGD,-2.31,BD
BGD,-1.64,BD
BGD,-1.51,BD
BGD,-0.44,BD
BGD,0.28,BD
BGD,-1.72,BD
BGD,0.1,BD
BGD,-2.69,BD
BGD,0.56,BD
BGD,-0.08,BD
BGD,-0.87,BD
BGD,-2.49,BD
BGD,-1.48,BD
BGD,-2.76,BD
BGD,-1.77,BD
BGD,-0.65,BD
BGD,-0.47,BD
BGD,-0.85,BD
BGD,-2.31,BD
BGD,-0.57,BD
BGD,0.37,BD
BGD,-0.3,BD
BGD,-1.03,BD
BGD,0.99,BD
BGD,-1.25,BD
BGD,-2.31,BD
BGD,0.73,BD
BGD,-0.46,BD
BGD,1.04,BD
BGD,0.92,BD
BGD,0.28,BD
BGD,-1.26,BD
BGD,-1.54,BD
BGD,0.09,BD
BGD,-0.7,BD
BGD,-0.21,BD
BGD,-1.52,BD
BGD,-1.42,BD
BGD,-0.08,BD
BGD,-0.97,BD
BGD,0.61,BD
BGD,-0.99,BD
BGD,-1.1,BD
BGD,-4.07,BD
BGD,0.56,BD
BGD,-1.18,BD
BGD,-1.42,BD
BGD,-0.84,BD
BGD,-0.51,BD
BGD,-2.84,BD
BGD,-4.11,BD
BGD,-1.42,BD
BGD,0.18,BD
BGD,-1.5,BD
BGD,-1.46,BD
BGD,0.55,BD
BGD,-1.26,BD
BGD,0.04,BD
BGD,-2.48,BD
BGD,-0.71,BD
BGD,-0.4,BD
BGD,0.19,BD
BGD,-2.76,BD
BGD,-1.31,BD
BGD,-1.53,BD
BGD,-1.44,BD
BGD,-1.52,BD
BGD,0.33,BD
BGD,-0.52,BD
BGD,0.3,BD
BGD,-0.76,BD
BGD,-1.77,BD
BGD,0,BD
BGD,-0.97,BD
BGD,-0.64,BD
BGD,-0.31,BD
BGD,-1.01,BD
BGD,-1.68,BD
BGD,0.84,BD
BGD,-0.53,BD
BGD,0.06,BD
BGD,-2.58,BD
BGD,-1.63,BD
BGD,-1.8,BD
BGD,-2.53,BD
BGD,-3.28,BD
BGD,-0.68,BD
BGD,0.14,BD
BGD,-0.84,BD
BGD,0.54,BD
BGD,-2.82,BD
BGD,-0.44,BD
BGD,-0.09,BD
BGD,-3.46,BD
BGD,-0.08,BD
BGD,-2.31,BD
BGD,-0.07,BD
BGD,-2.17,BD
BGD,-1.63,BD
BGD,0.6,BD
BGD,-1.91,BD
BGD,-0.4,BD
BGD,-0.05,BD
BGD,-1.05,BD
BGD,-0.84,BD
BGD,-1.36,BD
BGD,-3.35,BD
BGD,-2.31,BD
BGD,0.36,BD
BGD,-0.72,BD
BGD,-1.11,BD
BGD,0.62,BD
BGD,-0.44,BD
BGD,-1.22,BD
BGD,-1.36,BD
BGD,-0.94,BD
BGD,-0.74,BD
BGD,0.54,BD
BGD,-2.21,BD
BGD,-1.02,BD
BGD,-0.66,BD
BGD,-0.88,BD
BGD,-0.69,BD
BGD,0.84,BD
BGD,-0.44,BD
BGD,-0.3,BD
BGD,-0.34,BD
BGD,-1.15,BD
BGD,-2.06,BD
BGD,-1.33,BD
BGD,-0.17,BD
BGD,-1.45,BD
BGD,-1.01,BD
BGD,-1.4,BD
BGD,-0.82,BD
BGD,-1.05,BD
BGD,-2.25,BD
BGD,-0.18,BD
BGD,-0.84,BD
BGD,0.59,BD
BGD,-0.92,BD
BGD,-1.72,BD
BGD,-1.6,BD
BGD,-2.05,BD
BGD,-0.55,BD
BGD,-1.15,BD
BGD,-0.53,BD
BGD,-0.41,BD
BGD,-1.29,BD
BGD,-1.89,BD
BGD,-2.51,BD
BRF,-0.35,BR
BRF,1.72,BR
BRF,-0.05,BR
BRF,-0.61,BR
BRF,-1.05,BR
BRF,-1.82,BR
BRF,0.63,BR
BRF,-0.18,BR
BRF,-0.12,BR
BRF,-0.6,BR
BRF,-0.53,BR
BRF,-0.68,BR
BRF,0.02,BR
BRF,-1.9,BR
BRF,-0.22,BR
BRF,-0.78,BR
BRF,-0.55,BR
BRF,-1.77,BR
BRF,-0.55,BR
BRF,-0.77,BR
BRF,-0.74,BR
BRF,1.75,BR
BRF,-1.38,BR
BRF,-4.25,BR
BRF,-1.39,BR
BRF,-0.72,BR
BRF,-0.72,BR
BRF,-0.72,BR
BRF,-1.91,BR
BRF,-0.46,BR
BRF,-0.72,BR
BRF,0.22,BR
BRF,1.18,BR
BRF,-0.72,BR
BRF,-1.59,BR
BRF,-1.17,BR
BRF,-0.56,BR
BRF,-0.9,BR
BRF,-4.96,BR
BRF,0.18,BR
BRF,0.4,BR
BRF,-1.33,BR
BRF,-0.49,BR
BRF,-1.36,BR
BRF,0.32,BR
BRF,0.74,BR
BRF,-2.32,BR
BRF,-0.53,BR
BRF,-0.61,BR
BRF,-3.05,BR
BRF,-1.41,BR
BRF,-0.79,BR
BRF,0.54,BR
BRF,-0.31,BR
BRF,-0.61,BR
BRF,-1.57,BR
BRF,-1.31,BR
BRF,1.51,BR
BRF,-2.22,BR
BRF,0.26,BR
BRF,-2.95,BR
BRF,-0.6,BR
BRF,-1.08,BR
BRF,-0.86,BR
BRF,-0.94,BR
BRF,-1.19,BR
BRF,-1.4,BR
BRF,-1.48,BR
BRF,0.09,BR
BRF,-1.64,BR
BRF,-0.86,BR
BRF,-1.28,BR
BRF,0.46,BR
BRF,-0.91,BR
BRF,-1.31,BR
BRF,-3.03,BR
BRF,-0.14,BR
BRF,-0.94,BR
BRF,-0.71,BR
BRF,-2.42,BR
BRF,-1.55,BR
INV,0.72,IN
INV,0.14,IN
INV,-0.56,IN
INV,-1.19,IN
INV,0.7,IN
INV,-1.48,IN
INV,-1.7,IN
INV,0.73,IN
INV,0.23,IN
INV,-0.78,IN
INV,-0.24,IN
INV,-0.78,IN
INV,-0.25,IN
INV,-0.6,IN
INV,-1.14,IN
INV,0.22,IN
INV,-1.76,IN
INV,-1.24,IN
INV,0.41,IN
INV,0.15,IN
INV,-3.92,IN
INV,-0.3,IN
INV,-0.79,IN
INV,-0.93,IN
INV,-0.55,IN
INV,-0.51,IN
INV,-1.07,IN
INV,0.36,IN
INV,-0.18,IN
INV,0.31,IN
INV,0.11,IN
INV,-1.34,IN
INV,-0.69,IN
INV,-0.68,IN
INV,-1.22,IN
INV,0.46,IN
INV,0.11,IN
INV,-2.29,IN
INV,0.14,IN
INV,-4.19,IN
INV,-1.6,IN
INV,-1.84,IN
INV,-2.69,IN
INV,-2.3,IN
INV,-0.32,IN
INV,-2.51,IN
INV,0.37,IN
INV,-1.52,IN
INV,-1.15,IN
INV,-0.72,IN
INV,-3.14,IN
INV,-0.53,IN
INV,0.29,IN
INV,-0.41,IN
INV,-0.04,IN
INV,-2.93,IN
INV,-2.76,IN
INV,0.74,IN
INV,0.03,IN
INV,1.02,IN
INV,-1.79,IN
INV,-0.39,IN
INV,0.05,IN
INV,-0.28,IN
INV,-1.33,IN
INV,-0.58,IN
INV,-3.17,IN
INV,-3.7,IN
INV,1.55,IN
INV,-2.06,IN
INV,-1.02,IN
INV,-0.18,IN
INV,-1.51,IN
INV,-2.27,IN
INV,-1.47,IN
INV,-0.13,IN
INV,0.34,IN
INV,0,IN
INV,-0.76,IN
INV,-1.84,IN
INV,-2.5,IN
INV,-1.41,IN
INV,-1.92,IN
INV,-1.22,IN
INV,-2.43,IN
INV,-2.34,IN
INV,-2.28,IN
INV,-1.37,IN
INV,-1.33,IN
INV,-0.51,IN
INV,-1.96,IN
INV,-2.27,IN
INV,-0.66,IN
INV,-0.13,IN
INV,0.04,IN
INV,-2.19,IN
INV,-1.22,IN
INV,-0.21,IN
INV,-1.33,IN
INV,-2.04,IN
INV,-0.76,IN
INV,-2.97,IN
INV,-0.94,IN
INV,-1.85,IN
INV,-0.72,IN
INV,-1.04,IN
INV,-0.58,IN
INV,-2.35,IN
INV,-1.33,IN
INV,-1.36,IN
INV,-0.28,IN
INV,-1.06,IN
INV,-0.18,IN
INV,0.12,IN
INV,-1.69,IN
INV,-1.7,IN
INV,-2.95,IN
INV,-1.61,IN
INV,0.53,IN
INV,-1.79,IN
INV,-1.55,IN
INV,-0.94,IN
INV,0.03,IN
INV,-0.99,IN
INV,0.16,IN
INV,0.97,IN
INV,-0.86,IN
INV,-1.65,IN
INV,-0.44,IN
INV,-1.15,IN
INV,-1.67,IN
INV,-2.59,IN
INV,-2.35,IN
INV,-1.23,IN
INV,-0.71,IN
INV,-1.2,IN
INV,-0.81,IN
INV,-2.06,IN
INV,-1.06,IN
INV,-0.26,IN
INV,-0.45,IN
INV,-0.07,IN
INV,-0.89,IN
INV,-0.27,IN
INV,0.71,IN
INV,-3.04,IN
INV,-2.5,IN
INV,-0.76,IN
INV,-1.38,IN
INV,-0.78,IN
INV,-1.15,IN
INV,-0.03,IN
INV,-1.48,IN
INV,-1.91,IN
INV,-0.85,IN
INV,-1.38,IN
INV,0.28,IN
INV,-1.36,IN
INV,0.2,IN
INV,-1.83,IN
INV,1.06,IN
INV,0.19,IN
INV,-2.26,IN
INV,-0.62,IN
INV,-1.46,IN
INV,-1.32,IN
INV,-1.48,IN
INV,-0.34,IN
INV,-0.27,IN
INV,-0.38,IN
INV,-2.19,IN
INV,-1.32,IN
INV,-1.74,IN
INV,-1.01,IN
INV,-1.06,IN
INV,0.44,IN
INV,-0.44,IN
INV,-1.5,IN
INV,-0.62,IN
INV,-0.28,IN
INV,-5.04,IN
INV,-1.67,IN
INV,0.19,IN
INV,-0.69,IN
INV,-0.15,IN
INV,-0.85,IN
INV,0.44,IN
INV,-0.41,IN
INV,-0.51,IN
INV,-0.34,IN
INV,-0.95,IN
INV,-1.5,IN
INV,-0.42,IN
INV,0.6,IN
INV,-1.1,IN
INV,-1.08,IN
INV,-0.41,IN
INV,-1.15,IN
INV,-0.44,IN
INV,0.07,IN
NEB,-2.84,NP
NEB,-1.83,NP
NEB,0.41,NP
NEB,-0.94,NP
NEB,-1.02,NP
NEB,-2.43,NP
NEB,0.47,NP
NEB,-0.27,NP
NEB,-0.6,NP
NEB,-1.29,NP
NEB,-1.28,NP
NEB,-0.44,NP
NEB,-0.29,NP
NEB,-0.6,NP
NEB,-1.24,NP
NEB,0.52,NP
NEB,-0.95,NP
NEB,-1.13,NP
NEB,-1.75,NP
NEB,-1.56,NP
NEB,-2.35,NP
NEB,1.13,NP
NEB,0.46,NP
NEB,0.66,NP
NEB,0.58,NP
NEB,-2.94,NP
NEB,-1.83,NP
NEB,0.87,NP
NEB,-0.07,NP
NEB,-0.94,NP
NEB,-0.39,NP
NEB,-0.42,NP
NEB,0.03,NP
NEB,-2.61,NP
NEB,-0.93,NP
NEB,-1.06,NP
NEB,-0.32,NP
NEB,-0.94,NP
NEB,-2.29,NP
NEB,-0.39,NP
NEB,-1.06,NP
NEB,-0.55,NP
NEB,-1.57,NP
NEB,-0.03,NP
NEB,-0.73,NP
NEB,0.62,NP
NEB,0.99,NP
NEB,-2.26,NP
NEB,-0.55,NP
NEB,-1.91,NP
NEB,0.08,NP
NEB,-0.68,NP
NEB,-0.18,NP
NEB,-0.43,NP
NEB,-0.97,NP
NEB,-0.35,NP
NEB,0.26,NP
NEB,0.62,NP
NEB,0.19,NP
NEB,-0.47,NP
NEB,-0.62,NP
NEB,-1.06,NP
NEB,-2.19,NP
NEB,-1.04,NP
NEB,-2.51,NP
NEB,-0.14,NP
NEB,-1.59,NP
NEB,-0.19,NP
NEB,1.17,NP
NEB,-1.71,NP
NEB,-0.52,NP
NEB,-1.41,NP
NEB,0.42,NP
NEB,-0.81,NP
NEB,-0.52,NP
NEB,0.71,NP
NEB,0.09,NP
NEB,-3.92,NP
NEB,-1.09,NP
NEB,-1.15,NP
NEB,0.8,NP
NEB,-0.02,NP
NEB,-1.03,NP
NEB,-0.09,NP
NEB,-0.65,NP
NEB,0.54,NP
NEB,0.55,NP
NEB,-0.15,NP
NEB,-0.03,NP
NEB,-2.08,NP
NEB,-1.36,NP
NEB,-1.31,NP
NEB,-0.36,NP
NEB,-0.58,NP
NEB,0.49,NP
NEB,-1.59,NP
NEB,-2.45,NP
NEB,0.58,NP
NEB,-1.01,NP
NEB,-1.4,NP
NEB,-1.63,NP
NEB,-0.97,NP
NEB,-0.92,NP
NEB,-1.31,NP
NEB,-3.82,NP
NEB,-2.27,NP
NEB,0.18,NP
NEB,-0.53,NP
NEB,-0.95,NP
NEB,-1.32,NP
NEB,-0.71,NP
NEB,-0.83,NP
NEB,-0.53,NP
NEB,-2.27,NP
NEB,-0.18,NP
NEB,-1.62,NP
NEB,-1.5,NP
NEB,-0.21,NP
NEB,-0.21,NP
NEB,-1.99,NP
NEB,-1.23,NP
NEB,-0.37,NP
NEB,0.47,NP
NEB,-1.07,NP
NEB,0.16,NP
NEB,-1.25,NP
NEB,0.63,NP
NEB,-1.08,NP
NEB,-0.73,NP
NEB,0.21,NP
NEB,-1.48,NP
NEB,-0.48,NP
NEB,-1.03,NP
NEB,0.64,NP
NEB,1.07,NP
NEB,-2.05,NP
NEB,-0.23,NP
NEB,-1.13,NP
NEB,-0.58,NP
NEB,-1.32,NP
NEB,0.48,NP
NEB,-0.93,NP
NEB,-1.36,NP
NEB,-1.02,NP
NEB,-0.65,NP
NEB,-0.41,NP
NEB,0.74,NP
NEB,-0.3,NP
NEB,0.73,NP
NEB,0.29,NP
NEB,-1.15,NP
NEB,0.89,NP
NEB,-1.91,NP
NEB,-0.99,NP
NEB,-0.19,NP
NEB,0.44,NP
NEB,0.83,NP
NEB,0.34,NP
NEB,-0.32,NP
NEB,0.54,NP
NEB,-0.79,NP
NEB,-1.84,NP
NEB,0.56,NP
NEB,-1.53,NP
NEB,1.18,NP
NEB,-0.74,NP
NEB,-1.5,NP
NEB,-0.7,NP
NEB,0.56,NP
NEB,-1.04,NP
NEB,-0.31,NP
NEB,-1,NP
NEB,0.09,NP
NEB,0.44,NP
NEB,0.29,NP
NEB,-1.1,NP
NEB,0.82,NP
NEB,-1.29,NP
NEB,-0.08,NP
NEB,0.9,NP
NEB,1.3,NP
NEB,-2.9,NP
NEB,-1.48,NP
NEB,1.08,NP
NEB,0.78,NP
NEB,0.55,NP
NEB,-2.64,NP
NEB,-0.39,NP
NEB,-2.25,NP
NEB,-1.46,NP
NEB,-0.89,NP
NEB,-0.06,NP
NEB,0.15,NP
NEB,-1.44,NP
NEB,-0.35,NP
NEB,0.24,NP
NEB,-0.3,NP
NEB,-1.32,NP
NEB,-0.06,NP
NEB,0.79,NP
NEB,-1.3,NP
NEB,-2.25,NP
NEB,-1.3,NP
NEB,-3.12,NP
NEB,-2.11,NP
NEB,-0.87,NP
NEB,-1.12,NP
NEB,0.02,NP
PEL,0.3,PE
PEL,-0.41,PE
PEL,-1.51,PE
PEL,-1.03,PE
PEL,-0.35,PE
PEL,-0.01,PE
PEL,-1.73,PE
PEL,-1.62,PE
PEL,0.43,PE
PEL,-1.17,PE
PEL,-1.18,PE
PEL,-1.33,PE
PEL,-1.08,PE
PEL,-1.6,PE
PEL,-1.01,PE
PEL,-0.43,PE
PEL,0.23,PE
PEL,0.09,PE
PEL,-1.76,PE
PEL,-1.27,PE
PEL,-0.43,PE
PEL,-0.71,PE
PEL,-0.26,PE
PEL,-0.77,PE
PEL,-0.84,PE
PEL,-2.14,PE
PEL,-3.21,PE
PEL,1.8,PE
PEL,-0.09,PE
PEL,0.31,PE
PEL,-1.71,PE
PEL,-0.99,PE
PEL,-2.84,PE
PEL,-1.59,PE
PEL,-1.15,PE
PEL,-1.91,PE
PEL,-2.36,PE
PEL,-0.44,PE
PEL,-1.33,PE
PEL,1.97,PE
PEL,-1.48,PE
PEL,-0.22,PE
PEL,0.03,PE
PEL,0.18,PE
PEL,-3.26,PE
PEL,-1.3,PE
PEL,-1.08,PE
PEL,-2.53,PE
PEL,0.11,PE
PEL,-1.06,PE
PEL,-1.51,PE
PEL,-1.06,PE
PEL,-2.4,PE
PEL,0.45,PE
PEL,-0.62,PE
PEL,-1.99,PE
PEL,-0.79,PE
PEL,-0.77,PE
PEL,-0.41,PE
PEL,-0.23,PE
PEL,0.62,PE
PEL,0.31,PE
PEL,-1.2,PE
PEL,-1.6,PE
PEL,-0.55,PE
PEL,-1.89,PE
PEL,-1.33,PE
PEL,-0.65,PE
PEL,-0.47,PE
PEL,-0.49,PE
PEL,-0.95,PE
PEL,-0.16,PE
PEL,-0.9,PE
PEL,0.63,PE
PEL,-0.81,PE
PEL,-1.71,PE
PEL,-0.12,PE
PEL,0.28,PE
PEL,-1.96,PE
PEL,-2.27,PE
PEL,-0.51,PE
PEL,0.13,PE
PEL,-1.19,PE
PEL,-1.8,PE
PEL,-1.33,PE
PEL,-2.04,PE
PEL,-0.15,PE
PEL,-0.15,PE
PEL,-0.81,PE
PEL,-0.87,PE
PEL,-1.54,PE
PEL,-3.24,PE
PEL,0.84,PE
PEL,-1.26,PE
PEL,-0.19,PE
PEL,-0.65,PE
PEL,-1.33,PE
PEL,-1.42,PE
PEL,-1.41,PE
PEL,-2.68,PE
PEL,-2.06,PE
PEL,-2.67,PE
PEL,-0.62,PE
PEL,0.18,PE
PEL,-1.76,PE
PEL,-1.33,PE
PEL,-1.06,PE
PEL,-0.88,PE
PEL,-0.88,PE
PEL,0.18,PE
PEL,-1.04,PE
PEL,-0.6,PE
PEL,-2.21,PE
PEL,-1.97,PE
PEL,-1.46,PE
PEL,-1.02,PE
PEL,-2.11,PE
PEL,-0.4,PE
PEL,-2.57,PE
PEL,-1.77,PE
PEL,-1.19,PE
PEL,-1.34,PE
PEL,-0.51,PE
PEL,-1.29,PE
PEL,-0.31,PE
PEL,0.45,PE
PEL,1.81,PE
PEL,-2.01,PE
PEL,-0.44,PE
PEL,-2.57,PE
PEL,-1.47,PE
PEL,-0.35,PE
PEL,-0.57,PE
PEL,-1.71,PE
PEL,-0.43,PE
PEL,-0.28,PE
PEL,-1.6,PE
PEL,-1.86,PE
PEL,0.1,PE
PEL,-0.41,PE
PEL,-0.05,PE
PEL,0.27,PE
PEL,-0.4,PE
PEL,-1.34,PE
PEL,0.7,PE
PEL,-0.72,PE
PEL,-0.46,PE
PEL,-1.1,PE
PEL,-0.84,PE
PEL,-0.67,PE
PEL,-0.64,PE
PEL,-0.19,PE
PEL,-0.38,PE
PEL,-1.47,PE
PEL,-1.53,PE
PEL,-0.6,PE
PEL,-0.95,PE
PEL,-0.53,PE
PEL,-0.97,PE
PEL,-1.18,PE
PEL,-1.07,PE
PEL,-0.65,PE
PEL,0.24,PE
PEL,-0.68,PE
PEL,-0.36,PE
PEL,-0.11,PE
PEL,-1.52,PE
PEL,-2.15,PE
PEL,-0.15,PE
PEL,-3.99,PE
PEL,0.36,PE
PEL,-2.19,PE
PEL,-0.72,PE
PEL,-0.74,PE
PEL,-1.61,PE
PEL,0.72,PE
PEL,-2.31,PE
PEL,-0.23,PE
PEL,-2.13,PE
PEL,-0.61,PE
PEL,0.11,PE
PEL,-2.47,PE
PEL,-1.31,PE
PEL,-0.99,PE
PEL,-2.89,PE
PEL,-0.68,PE
PEL,-0.78,PE
PEL,-3.3,PE
PEL,0.89,PE
PEL,-0.74,PE
PEL,-1.64,PE
PEL,-1.44,PE
PEL,-0.44,PE
PEL,-0.69,PE
PEL,-0.31,PE
PEL,-1.4,PE
PEL,-1.63,PE
PEL,0.31,PE
PKN,-1.02,PK
PKN,-3.38,PK
PKN,-2.35,PK
PKN,-0.9,PK
PKN,-2.33,PK
PKN,-2.39,PK
PKN,-1.15,PK
PKN,-0.42,PK
PKN,-2.83,PK
PKN,-2.46,PK
PKN,-2.75,PK
PKN,-3.86,PK
PKN,-0.6,PK
PKN,-1.09,PK
PKN,-1.28,PK
PKN,-1.52,PK
PKN,-0.86,PK
PKN,-1.37,PK
PKN,-0.39,PK
PKN,-3.89,PK
PKN,-2.19,PK
PKN,-2.79,PK
PKN,-2.19,PK
PKN,-2.17,PK
PKN,-2.94,PK
PKN,-1.38,PK
PKN,-0.32,PK
PKN,-1.87,PK
PKN,-0.55,PK
PKN,-4.7,PK
PKN,-1.64,PK
PKN,-1.22,PK
PKN,-0.36,PK
PKN,-1.65,PK
PKN,0.09,PK
PKN,-1.37,PK
PKN,-0.44,PK
PKN,-0.8,PK
PKN,-0.9,PK
PKN,-1.23,PK
PKN,-0.3,PK
PKN,0.76,PK
PKN,-0.77,PK
PKN,-1.04,PK
PKN,-2.32,PK
PKN,-2.66,PK
PKN,-1.59,PK
PKN,-4.66,PK
PKN,-0.74,PK
PKN,0.45,PK
PKN,-0.87,PK
PKN,-1.53,PK
PKN,-0.08,PK
PKN,0.89,PK
PKN,1.95,PK
PKN,0.22,PK
PKN,-1.95,PK
PKN,-1.81,PK
PKN,-0.14,PK
PKN,-1.19,PK
PKN,-0.53,PK
PKN,-0.79,PK
PKN,0.27,PK
PKN,-2.87,PK
PKN,-0.82,PK
PKN,-2.17,PK
PKN,-0.08,PK
PKN,-0.14,PK
PKN,-1.56,PK
PKN,-2.8,PK
PKN,-0.65,PK
PKN,-2.92,PK
PKN,-0.4,PK
PKN,-1.34,PK
PKN,-1.4,PK
PKN,-0.74,PK
PKN,-0.85,PK
PKN,-1.11,PK
PKN,-2.13,PK
PKN,-0.53,PK
PKN,-2.51,PK
PKN,0.62,PK
PKN,-1.65,PK
PKN,-0.79,PK
PKN,-2.13,PK
PKN,-0.94,PK
PKN,-1.04,PK
PKN,-0.45,PK
PKN,-0.73,PK
PKN,-0.26,PK
PKN,1.73,PK
PKN,-0.39,PK
PKN,-1.12,PK
PKN,0.53,PK
PKN,1.16,PK
PKN,0.25,PK
PKN,-0.2,PK
PKN,-1.98,PK
PKN,0.71,PK
PKN,0.16,PK
PKN,-0.26,PK
PKN,-1.64,PK
PKN,0.79,PK
PKN,-1.04,PK
PKN,-0.08,PK
PKN,-3.1,PK
PKN,-3,PK
PKN,-0.94,PK
PKN,0.28,PK
PKN,0.36,PK
PKN,-0.57,PK
PKN,0.78,PK
PKN,0,PK
PKN,-0.17,PK
PKN,0.87,PK
PKN,0.18,PK
PKN,-0.64,PK
PKN,-1.62,PK
PKN,0.45,PK
PKN,-0.17,PK
PKN,-0.89,PK
PKN,-1.38,PK
PKN,-1.75,PK
PKN,-0.31,PK
PKN,-0.52,PK
PKN,-1.15,PK
PKN,-2.58,PK
PKN,1.92,PK
PKN,-1.57,PK
PKN,-1.75,PK
PKN,-0.6,PK
PKN,-3.04,PK
PKN,-1.2,PK
PKN,-0.69,PK
PKN,-0.95,PK
PKN,0.23,PK
PKN,-1.5,PK
PKN,-1.29,PK
PKN,-1.22,PK
PKN,-2.25,PK
PKN,-1.47,PK
PKN,-1.14,PK
PKN,0.81,PK
PKN,-2.6,PK
PKN,-1.32,PK
PKN,-0.7,PK
PKN,-0.6,PK
PKN,-3.6,PK
PKN,-1.9,PK
PKN,-2.23,PK
PKN,-1.15,PK
PKN,-2.35,PK
PKN,0.63,PK
PKN,-2.47,PK
PKN,-0.73,PK
PKN,-3.2,PK
PKN,-2.13,PK
PKN,-2.87,PK
PKN,-2.39,PK
PKN,-1.55,PK
PKN,0.52,PK
PKN,-1.3,PK
PKN,-2.18,PK
PKN,-1.68,PK
PKN,-0.21,PK
PKN,-2.12,PK
PKN,-0.93,PK
PKN,-2.96,PK
PKN,-0.16,PK
PKN,-1.94,PK
PKN,-3.89,PK
PKN,-0.4,PK
PKN,-0.34,PK
PKN,-3.29,PK
PKN,-1.88,PK
PKN,-1.31,PK
PKN,-0.15,PK
PKN,-0.19,PK
PKN,0.08,PK
PKN,-1.47,PK
PKN,-0.42,PK
PKN,-0.39,PK
PKN,-0.85,PK
PKN,-0.97,PK
PKN,-0.88,PK
PKN,-2.4,PK
PKN,-0.41,PK
PKN,-2.49,PK
PKN,-2.37,PK
PKN,-1.82,PK
PKN,-0.95,PK
PKN,-2.87,PK
PKN,-0.09,PK
PKN,-1.38,PK
PKN,-1.66,PK
PKN,-3.21,PK
PKN,0.55,PK
PKN,0.45,PK
PKN,0.37,PK
PKN,-3.06,PK
PKN,-2.58,PK
PKN,-2.02,PK
PKN,-1.36,PK
PKN,-2.81,PK
PKN,-1.23,PK
PKN,-1.25,PK
PKN,-0.27,PK
PKN,-0.62,PK
PKN,-0.19,PK
PKN,-2.18,PK
PKN,-2.25,PK
PKN,-2.43,PK
PKN,-2.6,PK
PKN,-1.18,PK
PKN,-1.75,PK
PKN,-1.23,PK
PKN,-1.4,PK
PKN,-1.2,PK
PKN,-0.19,PK
PKN,-1.27,PK
PKN,-2.1,PK
PKN,-1.09,PK
PKN,-0.22,PK
PKN,-1.41,PK
PKN,-1.64,PK
PKN,-0.22,PK
PKN,-1.84,PK
PKN,-1.38,PK
PKN,-2.6,PK
PKN,-2.35,PK
PKN,-3.14,PK
PKN,-2.23,PK
PKN,-2.41,PK
PKN,-2.71,PK
PKN,-2.4,PK
PKN,-1.55,PK
PKN,-2.77,PK
PKN,-2.34,PK
PKN,-2.08,PK
PKN,-2.17,PK
PKN,-2.08,PK
PKN,-2.09,PK
PKN,-2.68,PK
PKN,-2.18,PK
PKN,-2.37,PK
PKN,-2.43,PK
PKN,-1.91,PK
PKN,-1.68,PK
PKN,-2.44,PK
PKN,-2.77,PK
PKN,-0.97,PK
PKN,-2.7,PK
PKN,-1.73,PK
PKN,-1.6,PK
PKN,-2.64,PK
PKN,-2.33,PK
PKN,-2.08,PK
PKN,-2.17,PK
PKN,-1.57,PK
PKN,-2.08,PK
PKN,-2.25,PK
PKN,-2.18,PK
PKN,-2.53,PK
PKN,-2.55,PK
PKN,-2.15,PK
PKN,-1.92,PK
PKN,-2.25,PK
PKN,-2.52,PK
PKN,-1.94,PK
PKN,-1.06,PK
PKN,-3.02,PK
PKN,-1.87,PK
PKN,-2.25,PK
PKN,-3.08,PK
PKN,-1.95,PK
PKN,-2.4,PK
PKN,-1.17,PK
SAV,1.51,ZA
SAV,-0.56,ZA
SAV,0.4,ZA
SAV,-0.83,ZA
SAV,2,ZA
SAV,-1.58,ZA
SAV,0.36,ZA
SAV,-0.78,ZA
SAV,0.7,ZA
SAV,-0.4,ZA
SAV,-0.35,ZA
SAV,-0.35,ZA
SAV,1.3,ZA
SAV,-0.11,ZA
SAV,1.1,ZA
SAV,1.68,ZA
SAV,-0.74,ZA
SAV,-2.09,ZA
SAV,-1.33,ZA
SAV,-0.93,ZA
SAV,-1.36,ZA
SAV,-2.33,ZA
SAV,-1.76,ZA
SAV,-1.51,ZA
SAV,-1.87,ZA
SAV,-1.35,ZA
SAV,-0.97,ZA
SAV,-0.65,ZA
SAV,0.44,ZA
SAV,-1.08,ZA
SAV,1.86,ZA
SAV,0.19,ZA
SAV,-0.03,ZA
SAV,-0.82,ZA
SAV,-0.78,ZA
SAV,-1.04,ZA
SAV,-1.22,ZA
SAV,0.26,ZA
SAV,-0.51,ZA
SAV,0.56,ZA
SAV,0.64,ZA
SAV,-1.04,ZA
SAV,-2.25,ZA
SAV,0.08,ZA
SAV,-1.41,ZA
SAV,-1.01,ZA
SAV,1.05,ZA
SAV,-0.45,ZA
SAV,-0.51,ZA
SAV,-0.6,ZA
SAV,-1.13,ZA
SAV,0.34,ZA
SAV,0.07,ZA
SAV,-2.06,ZA
SAV,-1.75,ZA
SAV,-0.65,ZA
SAV,-0.6,ZA
SAV,0.56,ZA
SAV,0.08,ZA
SAV,-0.25,ZA
SAV,-1.51,ZA
SAV,-2.6,ZA
SAV,1.36,ZA
SAV,0.84,ZA
SAV,-1.79,ZA
SAV,-0.26,ZA
SAV,0.09,ZA
SAV,0.4,ZA
SAV,-0.24,ZA
SAV,-0.56,ZA
SAV,-0.92,ZA
SAV,-1.69,ZA
SAV,-1.03,ZA
SAV,-0.12,ZA
SAV,-0.17,ZA
SAV,-0.31,ZA
SAV,-1.46,ZA
SAV,-0.61,ZA
SAV,-0.71,ZA
SAV,2.03,ZA
SAV,-2.4,ZA
SAV,1.19,ZA
SAV,-0.89,ZA
SAV,-0.18,ZA
SAV,0.07,ZA
SAV,0.11,ZA
SAV,-0.78,ZA
SAV,0.37,ZA
SAV,0,ZA
SAV,-1.09,ZA
SAV,-1.64,ZA
SAV,-1.04,ZA
SAV,-0.09,ZA
SAV,-0.6,ZA
SAV,-0.87,ZA
SAV,-0.71,ZA
SAV,-1.77,ZA
SAV,-1.01,ZA
SAV,-0.94,ZA
SAV,-0.44,ZA
SAV,0.12,ZA
SAV,-1.39,ZA
SAV,-1.5,ZA
SAV,-0.89,ZA
SAV,-2.16,ZA
SAV,-1.31,ZA
SAV,-1.46,ZA
SAV,-1.71,ZA
SAV,-1.74,ZA
SAV,0.95,ZA
SAV,-2.42,ZA
SAV,-0.79,ZA
SAV,-2.8,ZA
SAV,0.2,ZA
SAV,-0.3,ZA
SAV,-0.37,ZA
SAV,-1.74,ZA
SAV,-0.69,ZA
SAV,-1.23,ZA
SAV,-1.66,ZA
SAV,-1.17,ZA
SAV,-1.05,ZA
SAV,-1.22,ZA
SAV,-2.54,ZA
SAV,0.98,ZA
SAV,-2.43,ZA
SAV,-2.13,ZA
SAV,-1.5,ZA
SAV,-1.44,ZA
SAV,-2.11,ZA
SAV,-0.94,ZA
SAV,-1.03,ZA
SAV,-2.04,ZA
SAV,-1.39,ZA
SAV,-1.57,ZA
SAV,0,ZA
SAV,-1.1,ZA
SAV,-0.43,ZA
SAV,-1.61,ZA
SAV,-1.56,ZA
SAV,-0.35,ZA
SAV,-1.92,ZA
SAV,-1.07,ZA
SAV,-0.07,ZA
SAV,-1.53,ZA
SAV,-1.34,ZA
SAV,-0.93,ZA
SAV,0.29,ZA
SAV,-1.1,ZA
SAV,-0.48,ZA
SAV,-0.18,ZA
SAV,-1.08,ZA
SAV,-1.13,ZA
SAV,-0.45,ZA
SAV,-0.6,ZA
SAV,0.79,ZA
SAV,-1.25,ZA
SAV,-0.55,ZA
SAV,-1.08,ZA
SAV,0.31,ZA
SAV,-4.02,ZA
SAV,-0.67,ZA
SAV,-0.53,ZA
SAV,-2.93,ZA
SAV,-0.84,ZA
SAV,-0.33,ZA
SAV,-0.94,ZA
SAV,0.42,ZA
SAV,-2.11,ZA
SAV,-0.78,ZA
SAV,-0.94,ZA
SAV,-0.4,ZA
SAV,-0.77,ZA
SAV,0.22,ZA
SAV,-2.83,ZA
SAV,0.89,ZA
SAV,-0.55,ZA
SAV,0.28,ZA
SAV,-1.2,ZA
SAV,-0.21,ZA
SAV,-2.6,ZA
SAV,-0.97,ZA
SAV,0.65,ZA
SAV,-0.26,ZA
SAV,-0.19,ZA
SAV,0.1,ZA
SAV,-1.55,ZA
SAV,-0.59,ZA
SAV,-0.31,ZA
SAV,-0.35,ZA
SAV,-2.45,ZA
SAV,0.68,ZA
SAV,0.93,ZA
SAV,-0.35,ZA
SAV,1.08,ZA
SAV,0.71,ZA
SAV,-0.17,ZA
SAV,1.16,ZA
SAV,-0.88,ZA
TZH,-2.64,TZ
TZH,-1.6,TZ
TZH,-0.97,TZ
TZH,-1.65,TZ
TZH,-1.01,TZ
TZH,1.65,TZ
TZH,-0.66,TZ
TZH,-2.62,TZ
TZH,-0.81,TZ
TZH,-0.89,TZ
TZH,-2.13,TZ
TZH,-1.59,TZ
TZH,-0.84,TZ
TZH,-0.31,TZ
TZH,-0.97,TZ
TZH,-1.65,TZ
TZH,-0.87,TZ
TZH,-0.69,TZ
TZH,-1.7,TZ
TZH,0.3,TZ
TZH,-0.69,TZ
TZH,0.46,TZ
TZH,-0.81,TZ
TZH,-2.8,TZ
TZH,-0.59,TZ
TZH,0.08,TZ
TZH,0.09,TZ
TZH,-1.26,TZ
TZH,1.06,TZ
TZH,-1.31,TZ
TZH,-0.4,TZ
TZH,-2.17,TZ
TZH,-3.19,TZ
TZH,-1.93,TZ
TZH,0.19,TZ
TZH,-0.31,TZ
TZH,-0.62,TZ
TZH,-4.08,TZ
TZH,-1.11,TZ
TZH,0.09,TZ
TZH,-1.17,TZ
TZH,-0.23,TZ
TZH,-1.85,TZ
TZH,-0.32,TZ
TZH,1.12,TZ
TZH,0.56,TZ
TZH,-3.81,TZ
TZH,-0.59,TZ
TZH,1.18,TZ
TZH,-0.87,TZ
TZH,-0.97,TZ
TZH,-2.3,TZ
TZH,0.18,TZ
TZH,-2.11,TZ
TZH,-1.8,TZ
TZH,-0.18,TZ
TZH,0.1,TZ
TZH,-1.06,TZ
TZH,-2.49,TZ
TZH,-1.71,TZ
TZH,-0.31,TZ
TZH,0.12,TZ
TZH,-0.05,TZ
TZH,-1.05,TZ
TZH,0.28,TZ
TZH,-0.99,TZ
TZH,0.94,TZ
TZH,0.1,TZ
TZH,-1.85,TZ
TZH,-1.32,TZ
TZH,-1.53,TZ
TZH,-0.71,TZ
TZH,-0.26,TZ
TZH,-1.65,TZ
TZH,-0.15,TZ
TZH,0,TZ
TZH,0.12,TZ
TZH,-1.2,TZ
TZH,-3.09,TZ
TZH,-2.3,TZ
TZH,-2.99,TZ
TZH,-1.06,TZ
TZH,-0.59,TZ
TZH,-0.93,TZ
TZH,-0.62,TZ
TZH,-0.13,TZ
TZH,-2.69,TZ
TZH,-1.45,TZ
TZH,-1.11,TZ
TZH,0.18,TZ
TZH,-0.48,TZ
TZH,-1.29,TZ
TZH,-0.66,TZ
TZH,-4.26,TZ
TZH,0.45,TZ
TZH,-0.53,TZ
TZH,-0.24,TZ
TZH,-0.18,TZ
TZH,-0.03,TZ
TZH,-1.92,TZ
TZH,-0.44,TZ
TZH,-1.32,TZ
TZH,0.98,TZ
TZH,-1.64,TZ
TZH,0.99,TZ
TZH,-1.38,TZ
TZH,-1.81,TZ
TZH,0.26,TZ
TZH,-2.85,TZ
TZH,-0.32,TZ
TZH,-2.21,TZ
TZH,-0.49,TZ
TZH,-4.34,TZ
TZH,-1.45,TZ
TZH,2.06,TZ
TZH,-0.18,TZ
TZH,-1.78,TZ
TZH,-1.73,TZ
TZH,-0.49,TZ
TZH,-0.65,TZ
TZH,-2.33,TZ
TZH,-0.23,TZ
TZH,-0.44,TZ
TZH,-2.94,TZ
TZH,-0.93,TZ
TZH,1,TZ
TZH,-2.47,TZ
TZH,-1.44,TZ
TZH,-0.88,TZ
TZH,-2.34,TZ
TZH,-1.73,TZ
TZH,-1.32,TZ
TZH,-1.35,TZ
TZH,-1.11,TZ
TZH,-1.51,TZ
TZH,-1.64,TZ
TZH,-1.45,TZ
TZH,0.12,TZ
TZH,-1.15,TZ
TZH,-2.03,TZ
TZH,0.09,TZ
TZH,-0.78,TZ
TZH,-1.5,TZ
TZH,-1.27,TZ
TZH,-1.32,TZ
TZH,-0.31,TZ
TZH,0,TZ
TZH,-1.68,TZ
TZH,0.73,TZ
TZH,-1.29,TZ
TZH,-1.25,TZ
TZH,-0.88,TZ
TZH,-0.97,TZ
TZH,-0.16,TZ
TZH,-1.24,TZ
TZH,-1.8,TZ
TZH,0.54,TZ
TZH,-1.54,TZ
TZH,-0.97,TZ
TZH,-0.09,TZ
TZH,-0.26,TZ
TZH,-0.31,TZ
TZH,-0.15,TZ
TZH,-0.93,TZ
TZH,0.18,TZ
TZH,-2.21,TZ
TZH,-0.94,TZ
TZH,-1.15,TZ
TZH,-0.49,TZ
TZH,-1.59,TZ
TZH,-0.19,TZ
TZH,-0.71,TZ
TZH,-0.18,TZ
TZH,-0.34,TZ
TZH,-0.53,TZ
TZH,-0.87,TZ
TZH,0.18,TZ
TZH,-1.88,TZ
TZH,-0.41,TZ
TZH,-1.15,TZ
TZH,-1.32,TZ
TZH,-0.38,TZ
TZH,-1.26,TZ
TZH,-0.94,TZ
TZH,-0.56,TZ
TZH,-2.16,TZ
TZH,-2.02,TZ
TZH,-3.81,TZ
TZH,-3.19,TZ
TZH,-1.59,TZ
TZH,-1.04,TZ
TZH,-0.68,TZ
TZH,-1.85,TZ
TZH,-2.04,TZ
TZH,-2.43,TZ
TZH,-0.95,TZ
TZH,0.89,TZ
TZH,-1.26,TZ
TZH,-1.56,TZ
